video_id,judul,channel,tanggal_tayang,deskripsi,views,likes,komentar,url,keyword
uewQg2I8sY8,VIRAL DOSEN DIDUGA LAKUKAN PELECEHAN DI KRL! Penumpang Teriak Minta Tolong ke Petugas Kereta,Tribunnews Bogor,2026-03-16 06:00:45,Download aplikasi berita TribunX di Play Store atau App Store untuk dapatkan pengalaman baru. TRIBUN-VIDEO.,1110481,1601,85,https://www.youtube.com/watch?v=uewQg2I8sY8,kekerasan seksual dosen mahasiswa
EKt_jIEfWdI,Modus Dosen Rayu Mahasiswi - Ringkus Predator Seksual Kampus (Part 1) | Mata Najwa,Najwa Shihab,2021-11-10 16:05:08,"Kasus kekerasan seksual di kampus ibarat fenomena gunung es. Dari relasi kuasa yang timpang, kurangnya dukungan, dan ...",828229,21966,1571,https://www.youtube.com/watch?v=EKt_jIEfWdI,kekerasan seksual kampus
GQVy_dns1gU,"Tampang Mahasiswa Hukum UI Pelaku Pelecehan di Grup Chat, Korbannya Dosen hingga Kakak Sendiri",Tribunnews,2026-04-14 09:39:27,Download aplikasi berita TribunX di Play Store atau App Store untuk dapatkan pengalaman baru TRIBUN-VIDEO.COM - 16 ...,508538,962,229,https://www.youtube.com/watch?v=GQVy_dns1gU,pelecehan seksual mahasiswa
5H1OXFi7dPo,"VIRAL VIDEO DUGAAN PELECEHAN VERBAL KE MAHASISWA FH UI, KORBAN BERANI ANGKAT BICARA DI DEPAN UMUM",Tribunnews Manado,2026-04-14 03:39:14,"VIRAL VIDEO DUGAAN PELECEHAN VERBAL KE MAHASISWA FH UI, KORBAN BERANI ANGKAT BICARA DI DEPAN UMUM ...",406936,2600,1473,https://www.youtube.com/watch?v=5H1OXFi7dPo,kekerasan seksual kampus
zEjheW005uI,Terbongkar! Grup Chat Mahasiswa FH UI Berisi Rencana Pelecehan Seksual terhadap Mahasiswi &amp; Dosen,Tribunnews,2026-04-14 06:05:36,Download aplikasi berita TribunX di Play Store atau App Store untuk dapatkan pengalaman baru TRIBUN-VIDEO.COM - Kasus ...,346357,878,146,https://www.youtube.com/watch?v=zEjheW005uI,kekerasan seksual kampus
o1JrhUFbTYM,Apakah Perguruan Tinggi Indonesia Gagal Melindungi Korban Kekerasan Seksual?,VICE Indonesia,2019-04-07 03:00:06,"Perguruan tinggi di Indonesia memiliki masalah serius, tetapi hampir jarang dibahas: pelecehan seksual di kampus. Salah satu ...",281710,17732,1357,https://www.youtube.com/watch?v=o1JrhUFbTYM,sexual harassment kampus indonesia
DLgPNcpLx0M,"Viral! Tampang Pelaku Chat Mesum Falkutas Hukum Mahasiswa UI Dipampang di Kampus, Isi Chat Dikuak",Tribunnews Bogor,2026-04-13 11:22:52,Download aplikasi berita TribunX di Play Store atau App Store untuk dapatkan pengalaman baru. Viral Dugaan Pelecehan ...,210838,506,90,https://www.youtube.com/watch?v=DLgPNcpLx0M,pelecehan seksual mahasiswa
rhWxoA-32Lg,Ringkus Predator Seksual Kampus (FULL VERSION) | Mata Najwa,Narasi Newsroom,2021-11-13 03:00:14,"Kasus kekerasan seksual di kampus ibarat fenomena gunung es. Dari relasi kuasa yang timpang, kurangnya dukungan, dan ...",170976,5306,458,https://www.youtube.com/watch?v=rhWxoA-32Lg,kekerasan seksual kampus
r72HK4E6sUE,"Daftar 16 Mahasiswa FH UI Terduga Pelecehan, Sempat Klaim Punya Bekingan Kuat Terungkap ke Publik!!",Tribunnews,2026-04-14 15:21:37,Download aplikasi berita TribunX di Play Store atau App Store untuk dapatkan pengalaman baru TRIBUN-VIDEO.COM - Wakil ...,160429,407,111,https://www.youtube.com/watch?v=r72HK4E6sUE,pelecehan seksual mahasiswa
JPL3EWwAzWk,"Sosok di Balik Bocornya Chat Pelecehan Mahasiswa FH UI, Munif Bongkar Isi Chat usai Diketahui Pacar",Tribunnews Bogor,2026-04-14 12:16:30,Download aplikasi berita TribunX di Play Store atau App Store untuk dapatkan pengalaman baru. TRIBUN-VIDEO.,160262,287,18,https://www.youtube.com/watch?v=JPL3EWwAzWk,pelecehan seksual mahasiswa
5cnB4fU-M7I,"Geger Grup Chat Mesum Mahasiswa FH UI di Medos, Rektor UI: Kita Lawan Kekerasan Seksual! | tvOne",tvOneNews ,2026-04-14 05:59:07,"Kabar Siang, https://www.tvOnenews.com - Geger Grup Chat Mesum Mahasiswa FH UI di Medos, Rektor UI: Kita Lawan ...",137916,805,736,https://www.youtube.com/watch?v=5cnB4fU-M7I,kekerasan seksual kampus
Wrzz8aSp7KQ,16 Mahasiswa FH UI Pelaku Pelecehan Terancam &#39;Drop Out&#39; - [Metro Siang],METRO TV ,2026-04-15 05:53:14,"MetroTV, Kasus dugaan pelecehan seksual verbal yang melibatkan 16 mahasiswa Fakultas Hukum Universitas Indonesia kini ...",132739,634,265,https://www.youtube.com/watch?v=Wrzz8aSp7KQ,kekerasan seksual kampus
c23y6J2CXXY,"Pengakuan Korban Pelecehan Seksual oleh Mahasiswa FH UI, Sempat Ingin Laporkan Kasus sebelum Lebaran",Tribunnews,2026-04-14 15:01:01,Download aplikasi berita TribunX di Play Store atau App Store untuk dapatkan pengalaman baru TRIBUN-VIDEO.COM - Jagat ...,126843,303,74,https://www.youtube.com/watch?v=c23y6J2CXXY,kekerasan seksual kampus
I6gSIUauNPs,"Fakta Terbaru, Korban Pelecehan Chat Mesum FH-UI: 20 Mahasiswi dan 7 Dosen",MerdekaDotCom,2026-04-14 11:32:26,MERDEKA.COM - Kasus pelecehan yang dilakukan mahasiswa Fakultas Hukum Universitas Indonesia (FH UI) menghebohkan ...,109844,775,369,https://www.youtube.com/watch?v=I6gSIUauNPs,kekerasan seksual kampus
a5Z4HmgKfOs,OKNUM DOSEN UNPAD L*CEHKAN MAHASISWI ! BUKTI DI VIRALKAN OLEH KORBAN ,Kamar JERI,2026-04-21 07:10:17,Business inquiries : +6282219111198 (Noval) Email : KamarJeriOfficial86@gmail.com Instagram ...,101926,2176,286,https://www.youtube.com/watch?v=a5Z4HmgKfOs,pelecehan seksual mahasiswa
69KsY5dkLt0,Kronologi Terungkapnya Pelecehan 16 Mahasiswa FH UI Lewat Grup Chat,Tribun Sumsel,2026-04-14 05:49:20,Sebanyak 16 orang mahasiswa Universitas Indonesia (UI) diduga melakukan pelecehan seksual terhadap mahasiswi di fakultas ...,101755,497,367,https://www.youtube.com/watch?v=69KsY5dkLt0,kekerasan seksual kampus
bTjMge9owKM,16 Mahasiswa Fakultas Hukum UI Diduga Melakukan Kekerasan Seksual,Tempodotco,2026-04-13 08:45:02,"TEMPO.CO - KETUA BEM Fakultas Hukum Universitas Indonesia, Anandaku Dimas Rumi Chattaristo, mengonfirmasi adanya ...",92856,754,320,https://www.youtube.com/watch?v=bTjMge9owKM,kekerasan seksual kampus
xgGzxzMZatM,Citra &amp; Kuasa Predator Seksual Kampus,TirtoID,2020-06-05 10:15:13,Siapa sangka mahasiswa berprestasi yang aktif mengisi ceramah seperti Ibrahim Malik dilaporkan 30 orang atas tuduhan ...,66996,3008,410,https://www.youtube.com/watch?v=xgGzxzMZatM,kekerasan seksual kampus
TVbejcEKXX0,"Memanas! Ancaman Orangtua Pelaku Pelecehan Mahasiswa UI Mencuat, Ngaku Bakal Bawa Barracuda",Tribunnews Bogor,2026-04-16 11:26:31,Download aplikasi berita TribunX di Play Store atau App Store untuk dapatkan pengalaman baru. TRIBUN-VIDEO.COM -- Sosok ...,64316,208,58,https://www.youtube.com/watch?v=TVbejcEKXX0,pelecehan seksual mahasiswa
OAdyCiknZCk,"INILAH TAMPANG MAHASISWA Hukum UI Pelaku Pelecehan di Grup Chat, Korbannya Dosen &amp; Kakak Sendiri",Harian Surya,2026-04-15 03:54:02,Download aplikasi berita TribunX di Play Store atau App Store untuk dapatkan pengalaman baru #universitasindonesia #fhui ...,58453,0,20,https://www.youtube.com/watch?v=OAdyCiknZCk,pelecehan seksual mahasiswa
MV7r5ar1-1g,Kekerasan Seksual di Kampus Sudah Darurat Permendikbud PPKS Malah Digugat | Catatan Najwa,Najwa Shihab,2022-03-31 08:00:09,"Saat ini, ada kelompok masyarakat yang mengajukan Uji Materiil atas Permendikbud PPKS (Pencegahan & Penanganan ...",54561,2559,177,https://www.youtube.com/watch?v=MV7r5ar1-1g,kekerasan seksual kampus
dhdpstdZBL0,"Skandal Chat Pelecehan Seksual FH UI, Total Korban 27 Orang, Ada 20 Mahasiswa dan 7 Dosen",Tribunnews,2026-04-15 04:55:39,Download aplikasi berita TribunX di Play Store atau App Store untuk dapatkan pengalaman baru TRIBUN-VIDEO.,54466,144,17,https://www.youtube.com/watch?v=dhdpstdZBL0,pelecehan seksual mahasiswa
rklrNKdf4WQ,Dosen Universitas Riau Jadi Tersangka Pelecehan Seksual Mahasiswi,KOMPASTV,2021-11-18 07:16:08,"KOMPAS.TV - Penyidik Polda Riau menetapkan Syafri Harto, dosen yang diduga melakukan pelecehan seksual pada ...",54406,684,302,https://www.youtube.com/watch?v=rklrNKdf4WQ,kekerasan seksual dosen mahasiswa
8GWYDau4WS8,"BEM UI Desak Terduga 16 Pelaku Kekerasan Seksual di-DO, Dipecat dari IKM hingga Terancam Sanksi",Tribunnews,2026-04-14 05:58:52,Download aplikasi berita TribunX di Play Store atau App Store untuk dapatkan pengalaman baru TRIBUN-VIDEO.,45659,118,11,https://www.youtube.com/watch?v=8GWYDau4WS8,pelecehan seksual mahasiswa
6rKMEbroY90,FH UI Selidiki Dugaan Pelecehan Seksual Berbasis Digital yang Dilakukan Grup Mahasiswa,INDONESIA LIVE UPDATE,2026-04-14 05:43:03,Download aplikasi berita TribunX di Play Store atau App Store untuk dapatkan pengalaman baru TRIBUN-VIDEO.COM - Kasus ...,41156,104,1,https://www.youtube.com/watch?v=6rKMEbroY90,pelecehan seksual mahasiswa
_gOuXvXzxPs,Alarm Keras Pel*c*han di kampus. Tak cukup skorsing! [Meet Nite Live],METRO TV ,2026-04-18 00:11:44,"MetroTV, Malam ini kita akan membahas soal kampus. Tempat yang seharusnya menjadi lokasi belajar paling aman untuk ...",39938,499,47,https://www.youtube.com/watch?v=_gOuXvXzxPs,sexual harassment kampus indonesia
3mSXV8cVnlA,Heboh Dugaan Pelecehan Seksual di FH UI,CNN Indonesia,2026-04-14 03:19:54,"Kasus dugaan pelecehan seksual verbal berbasis digital di lingkungan kampus Universitas Indonesia, kembali menjadi sorotan ...",38927,122,55,https://www.youtube.com/watch?v=3mSXV8cVnlA,kekerasan seksual kampus
KJ-KWdg_ugY,"Disekap dan Jadi Korban Kekerasan Seksual, Seorang Gadis Dijual dengan Harga Rp100 Ribu | Liputan 6",Liputan6,2023-09-18 01:02:22,"Disekap dan Jadi Korban Kekerasan Seksual, Seorang Gadis Dijual dengan Harga Rp100 Ribu | Liputan 6 #NewsSCTV ...",37832,128,116,https://www.youtube.com/watch?v=KJ-KWdg_ugY,korban kekerasan seksual kampus
PBurgzUR5rU,Oknum Dosen Pakai Gamis dan Songkok Lecehkan Wanita di Minimarket Parepare,Tribun Timur,2026-03-06 08:30:10,tribuntimur #tribunviral #viral #parepare #minimarket #pelecehanseksual Download aplikasi berita TribunX di Play Store atau App ...,37397,228,115,https://www.youtube.com/watch?v=PBurgzUR5rU,kekerasan seksual dosen mahasiswa
o-1O_hJxMtA,Permohonan Maaf Mahasiswa Pelaku Pelecehan Seksual,LENSA INDONESIA - RTV,2026-04-14 07:22:42,Para pelaku kasus pelecehan seksual di Fakultas Hukum Universitas Indonesia (FH UI) meminta maaf secara terbuka di ...,35392,312,140,https://www.youtube.com/watch?v=o-1O_hJxMtA,pelecehan seksual mahasiswa
YU7u3co9eZ0,16 Mahasiswa Hukum Diduga Terlibat Grup Chat Bernada Pelecehan &amp; Objektifikasi Seksual | Liputan 6,Liputan6,2026-04-13 23:12:42,Fakultas Hukum Universitas Indonesia (FH UI) sedang mengusut kasus dugaan pelecehan seksual berbasis digital yang ...,34407,232,140,https://www.youtube.com/watch?v=YU7u3co9eZ0,kekerasan seksual kampus
rDFtq1-TvLs,Dosen Unima Diduga Pelaku Pelecehan Seksual Mahasiswinya sampai Bunuh Diri Kini Dinonaktifkan,Tribunnews,2026-01-02 12:00:06,Download aplikasi berita TribunX di Play Store atau App Store untuk dapatkan pengalaman baru TRIBUN-VIDEO.COM- Kasus ...,32645,34,31,https://www.youtube.com/watch?v=rDFtq1-TvLs,pelecehan seksual mahasiswa
mStxBu3o2r0,Momen 16 Mahasiswa Akui Perbuatan dan Minta Maaf pada Korban di Hadapan Massa Kampus | Liputan 6,Liputan6,2026-04-13 23:38:40,Dekanat Fakultas Hukum UI langsung menggelar forum internal untuk meminta keterangan 16 mahasiswa yang diduga terlibat ...,31373,108,134,https://www.youtube.com/watch?v=mStxBu3o2r0,pelecehan seksual mahasiswa
IAfoSuUcDDU,16 Oknum Mahasiswa UI Fakultas Hukum Diduga Melakukan Kekerasan Seksual Digital | AKIP tvOne,tvOneNews ,2026-04-15 02:26:10,"Jakarta, https://www.tvOnenews.com - 16 Oknum Mahasiswa UI Fakultas Hukum Diduga Melakukan Kekerasan Seksual Digital ...",29318,245,178,https://www.youtube.com/watch?v=IAfoSuUcDDU,kekerasan seksual kampus
szuqDmt5Jf4,Awal Mula Terbongkarnya Kasus Pelecehan Seksual 16 Mahasiswa FH UI di Grup Chat #Beritasatu,BeritaSatu,2026-04-16 16:01:31,Dunia pendidikan tinggi di Indonesia tengah menjadi sorotan menyusul terungkapnya kasus pelecehan seksual di sejumlah ...,28924,151,86,https://www.youtube.com/watch?v=szuqDmt5Jf4,kekerasan seksual kampus
-Q4mBSAuoEk,Top Indonesian university suspends 16 students over alleged sexual harassment,CNA,2026-04-17 09:28:03,The University of Indonesia has suspended 16 law students after alleged sexual harassment claims went viral online.,28251,317,18,https://www.youtube.com/watch?v=-Q4mBSAuoEk,sexual harassment kampus indonesia
E2BEK_-EGW4,"Heboh! Dugaan Pelecehan Seksual Mahasiswa di Medsos, Rektor UI Buka Suara | NTV MORNING",Nusantara TV,2026-04-14 01:00:13,"https://nusantaratv.com/ - [LIVE] Polisi Gerebek Pesta Sabu di Sumbar, 5 Pelaku Ditangkap | NTV MORNING Dugaan pelecehan ...",26618,105,54,https://www.youtube.com/watch?v=E2BEK_-EGW4,kekerasan seksual kampus
OQU48FWHlkM,Seri Edukasi Permen PPKS: Pencegahan Kekerasan Seksual di Lingkungan Kampus,Cerdas Berkarakter Kemendikdasmen RI,2021-10-31 01:00:05,Permendikbudristek Nomor 30 Tahun 2021 tentang Pencegahan dan Penanganan Kekerasan Seksual di Lingkungan Perguruan ...,26181,680,31,https://www.youtube.com/watch?v=OQU48FWHlkM,kekerasan seksual kampus
eNhsNtOnIKg,"DO...,DO... Menggema, UI Siap Sanksi Tegas  DO untuk 16 Mahasiswa Terkait Kasus Pelecehan Seksual",Warta Kota Production,2026-04-14 07:23:08,Download aplikasi berita TribunX di PlayStore atau AppStore untuk mendapatkan pengalaman baru.,24557,181,134,https://www.youtube.com/watch?v=eNhsNtOnIKg,kekerasan seksual kampus
C6S2RhB_I7o,"Mahasiswi Unima Tewas, Diduga Jadi Korban Pelecehan Dosen #unima #mahasiswi #dosen #manado #viral",tvOneNews ,2026-01-02 14:00:18,"Jakarta, https://www.tvOnenews.com -Mahasiswi Unima Tewas, Diduga Jadi Korban Pelecehan Dosen #unima #mahasiswi ...",24455,290,21,https://www.youtube.com/watch?v=C6S2RhB_I7o,kekerasan seksual dosen mahasiswa
ZNHlDKaLFr0,"Viral Dugaan Pelecehan Seksual oleh Sejumlah Mahasiswa di Grup Chat, Pihak FH UI Kini Buka Suara",TribunnewsWIKI Official,2026-04-13 09:12:47,Download aplikasi berita TribunX di Play Store atau App Store untuk dapatkan pengalaman baru TRIBUN-VIDEO.COM - Dekan ...,23873,33,5,https://www.youtube.com/watch?v=ZNHlDKaLFr0,pelecehan seksual mahasiswa
lhTP2FTgNZU,"Dugaan Kekerasan Seksual oleh Oknum Dosen, Mahasiswi Unima Ditemukan Tewas di Kos",TribunnewsWIKI Official,2026-01-02 02:42:45,Download aplikasi berita TribunX di Play Store atau App Store untuk dapatkan pengalaman baru TRIBUN-VIDEO.,23499,161,118,https://www.youtube.com/watch?v=lhTP2FTgNZU,kekerasan seksual kampus
GMW-FZTTipA,"Status Akademik 16 Mahasiswa Terduga Pelaku Kekerasan Seksual di FH UI, Diskors hingga 30 Mei 2026",INDONESIA LIVE UPDATE,2026-04-16 06:35:37,Download aplikasi berita TribunX di Play Store atau App Store untuk dapatkan pengalaman baru TRIBUN-VIDEO.COM- Rektorat ...,22463,27,5,https://www.youtube.com/watch?v=GMW-FZTTipA,sexual harassment kampus indonesia
3x1bPllnni4,"Kasus Pelecehan di FH UI, 20 Mahasiswa dan 7 Dosen Jadi Korban [Metro Pagi Primetime]",METRO TV ,2026-04-16 01:08:17,"MetroTV, 20 mahasiswi dan 7 dosen di Fakultas Hukum Universitas Indonesia menjadi korban pelecehan seksual secara verbal.",21470,103,49,https://www.youtube.com/watch?v=3x1bPllnni4,kekerasan seksual dosen mahasiswa
dSewTPQMbXw,"Nasib 16 Mahasiswa FH UI Terduga Pelaku Pelecehan Seksual, Tidak Boleh Kuliah hingga Masuk Kampus",Tribunnews,2026-04-16 06:36:18,Download aplikasi berita TribunX di Play Store atau App Store untuk dapatkan pengalaman baru TRIBUN-VIDEO.COM - Rektorat ...,20436,59,12,https://www.youtube.com/watch?v=dSewTPQMbXw,kekerasan seksual kampus
5VGoFPMz7SU,"Klarifikasi Kasus Dugaan Pelecehan Seksual di UI, Ini Kata 2 Mahasiswa | KOMPAS SIANG",KOMPASTV,2026-04-14 05:20:32,"JAKARTA, KOMPAS.TV - Selasa (14/4/2026) dini hari, auditorium Universitas Indonesia dipenuhi mahasiswa yang ingin meminta ...",20100,66,41,https://www.youtube.com/watch?v=5VGoFPMz7SU,kekerasan seksual kampus
4bFwkkxiqrQ,Kronologi Terungkapnya Kasus Pelecehan Seksual oleh 16 Mahasiswa FH UI,KOMPASTV,2026-04-19 07:41:38,"Sahabat KompasTV, Mulai 1 Februari 2026 KompasTV pindah channel. Dapatkan selalu berita dan informasi terupdate ...",18223,70,15,https://www.youtube.com/watch?v=4bFwkkxiqrQ,kekerasan seksual kampus
CDn9N8wOj-U,Kronologi pelecehan seksual di grup chat oleh 16 Mahasiswa FH UI,ANTARA News,2026-04-14 09:46:32,Sebanyak 16 mahasiswa angkatan 2023 diduga terlibat dalam tindakan yang merendahkan martabat mahasiswi. Isu ini menjadi ...,17448,133,175,https://www.youtube.com/watch?v=CDn9N8wOj-U,pelecehan seksual mahasiswa
V_oFkutGLeI,Are Indonesian Universities Failing to Protect the Victims of Sexual Assault?,VICE Asia,2019-05-07 05:22:16,"Indonesian universities have a serious, but rarely discussed, problem—campus sexual assault. One of the country's ...",15963,338,44,https://www.youtube.com/watch?v=V_oFkutGLeI,sexual harassment kampus indonesia
q2ki-f8rea0,KASUS DUGAAN PELECEHAN SEKSUAL DI UNIVERSITAS INDONESIA #short,KOMPASTV,2026-04-14 06:10:03,"Dugaan pelecehan seksual mencuat di lingkungan Universitas Indonesia. Pada Selasa dini hari, 14 April 2026, auditorium ...",15955,178,14,https://www.youtube.com/watch?v=q2ki-f8rea0,kekerasan seksual kampus
rbyglBQJnD8,Aliansi Mahasiswa Unima Desak Polisi Usut Kasus Oknum Dosen Cabul: Korban Tak Hanya Satu,Tribunnews,2026-01-02 12:00:06,Download aplikasi berita TribunX di Play Store atau App Store untuk dapatkan pengalaman baru TRIBUN-VIDEO.,13984,84,64,https://www.youtube.com/watch?v=rbyglBQJnD8,kekerasan seksual dosen mahasiswa
g5_QjjZIzV4,"Mahasiswi Tewas di Kamar Kos, Diduga Korban Pelecehan Dosen | Kabar Pagi",tvOneNews ,2026-01-03 01:48:57,"Kabar Pagi, https://www.tvOnenews.com - Mahasiswi Tewas di Kamar Kos, Diduga Korban Pelecehan Dosen | Kabar Pagi ...",13254,63,9,https://www.youtube.com/watch?v=g5_QjjZIzV4,kekerasan seksual dosen mahasiswa
U7y6at6rMkw,16 Mahasiswa FH UI Pelaku Pelecehan Seksual Minta Maaf di Hadapan Para Korban #shorts,Fokus Indosiar,2026-04-14 03:07:08,Simak berita-berita lainnya di: https://www.vidio.com/@indosiar #NewsIndosiar #Fokus #FokusIndosiar Fokus Indosiar adalah ...,12819,115,22,https://www.youtube.com/watch?v=U7y6at6rMkw,pelecehan seksual mahasiswa
nJzn0Z5f7_M,Hukuman Dosen Kekerasan Seksual UNESA,CNN Indonesia,2022-01-19 09:30:08,"Dosen Fakultas Hukum Universitas Negeri Surabaya berinisial H, yang melakukan kekerasan seksual kepada beberapa ...",12663,211,62,https://www.youtube.com/watch?v=nJzn0Z5f7_M,kekerasan seksual dosen mahasiswa
iyOpn73MOCc,"Viral !, Terbongkar Grup Obrolan Mahasiswa FH UI Bahas Pelecehan Seksual",IDN Times,2026-04-14 10:02:46,"Jakarta, IDN Times - Kasus pelecehan seksual di ruang digital kembali terjadi, kali ini terjadi usai percakapan bernuansa vulgar ...",11685,61,33,https://www.youtube.com/watch?v=iyOpn73MOCc,pelecehan seksual mahasiswa
yPCQi1MvpsU,Update: Kasus Dugaan Pelecehan Seksual di Universitas Riau Telah Dilaporkan ke Polisi,KOMPASTV,2021-11-06 08:25:57,KOMPAS.TV - Kasus dugaan pelecehan seksual oleh dosen pembimbing skripsi di Universitas Riau kini telah dilaporkan ke ...,11638,101,82,https://www.youtube.com/watch?v=yPCQi1MvpsU,kasus pelecehan seksual universitas
DxRYvsgicpw,Pencegahan dan Penanganan Kekerasan Seksual (PPKS) &amp; Pelayanan Kesehatan di Lingkungan ITB,Institut Teknologi Bandung,2022-08-12 23:42:35,Penyambutan Mahasiswa Baru ITB Tahun 2022 12 Agustus 2022 13.00 Pencegahan dan Penanganan Kekerasan Seksual ...,11604,365,0,https://www.youtube.com/watch?v=DxRYvsgicpw,PPKS perguruan tinggi
ElWyijBScgk,"Kasus Pelecehan Seksual di FH UI, 16 Mahasiswa Jalani Sidang Etik #beritasatu",BeritaSatu,2026-04-14 18:30:15,Kasus dugaan pelecehan seksual di Fakultas Hukum Universitas Indonesia kembali menjadi sorotan. Sebanyak 16 mahasiswa ...,11544,49,34,https://www.youtube.com/watch?v=ElWyijBScgk,pelecehan seksual mahasiswa
kLuBCc6VnzQ,"Laporkan Pelecehan Seksual oleh Dosen, Mahasiswi Malah Dituntut Rp10 Miliar #iNewsSiang 07/11",Official iNews,2021-11-07 07:08:11,Tanggal Tayang: 07/11/2021 Dapatkan sajian berita-berita liputan langsung dari lapangan dan peristiwa terkini secara cepat dan ...,11409,84,74,https://www.youtube.com/watch?v=kLuBCc6VnzQ,kekerasan seksual dosen mahasiswa
aMA7ievsvTU,Fakta-Fakta Kasus Pelecehan Seksual oleh 16 Mahasiswa FH UI,KOMPASTV,2026-04-14 11:07:51,"Sahabat KompasTV, Mulai 1 Februari 2026 KompasTV pindah channel. Dapatkan selalu berita dan informasi terupdate ...",11326,34,20,https://www.youtube.com/watch?v=aMA7ievsvTU,pelecehan seksual mahasiswa
6HdpisJd0Nk,"🔴Diduga Dicabuli Oknum Dosen, Mahasiswi Unima Manado Depresi hingga Ditemukan Meninggal di Kamar Kos",Tribun Sumsel,2026-01-02 08:59:11,"Diduga Dicabuli Oknum Dosen, Mahasiswi Unima Manado Depresi hingga Ditemukan Meninggal di Kamar Kos - Video Editor ...",11046,54,1,https://www.youtube.com/watch?v=6HdpisJd0Nk,kekerasan seksual dosen mahasiswa
AkCC4FRJS0w,"Tak Goyah Meski Permendikbud PPKS Tuai Kritik, Nadiem Makarim Minta Semua Kampus Terapkan Aturan",Tribunnews,2021-11-13 07:57:08,Baca Selengkapnya di ...,10851,45,81,https://www.youtube.com/watch?v=AkCC4FRJS0w,PPKS perguruan tinggi
CHmavU5ftN0,Ini Tuntutan Ketua BEM FHUI Terhadap Pelaku Pelecehan Seksual di Grup Chat | tvOne,tvOneNews ,2026-04-14 09:23:58,"Berita Utama Kriminal, https://www.tvOnenews.com - Ini Tuntutan Ketua BEM FHUI Terhadap Pelaku Pelecehan Seksual di Grup ...",10514,61,43,https://www.youtube.com/watch?v=CHmavU5ftN0,kasus pelecehan seksual universitas
1Nwm7xPBSCA,Mahasiswi Tewas Diduga Korban Pelecehan Dosen | Kabar Utama,tvOneNews ,2026-01-02 14:58:05,"Kabar Utama, https://www.tvOnenews.com - Mahasiswi Tewas Diduga Korban Pelecehan Dosen | Kabar Utama Seorang ...",10470,57,12,https://www.youtube.com/watch?v=1Nwm7xPBSCA,kekerasan seksual dosen mahasiswa
rH0wyAs2VfE,"Kematian Janggal Mahasiswi Cantik Unima, Diduga Korban Pelecehan Dosen | Kabar Petang",tvOneNews ,2026-01-02 09:51:45,"Kabar Petang, https://www.tvOnenews.com - Kematian Janggal Mahasiswi Cantik Unima, Diduga Korban Pelecehan Dosen ...",10343,98,20,https://www.youtube.com/watch?v=rH0wyAs2VfE,kekerasan seksual dosen mahasiswa
EfGorZlq-Ds,"16 Mahasiswa FH UI Diduga Terlibat P3l3c3h4n S3ksu4l di Grup Chat, Kampus Tunggu Hasil Investigasi",OFFICIAL GOTVNEWS,2026-04-14 06:37:38,"GOTVNEWS, Jakarta - Sebanyak 16 mahasiswa Fakultas Hukum Universitas Indonesia (FH UI) diduga terlibat kasus pelecehan ...",10298,108,3,https://www.youtube.com/watch?v=EfGorZlq-Ds,sexual harassment kampus indonesia
udJbEQMny-M,"Skandal Dugaan Seksual Dosen &amp; Mahasiswi di Siantar Terulang Lagi, Bawa Bimbingan Skripsi di Hotel",Tribunnews,2026-02-26 07:34:35,Download aplikasi berita TribunX di Play Store atau App Store untuk dapatkan pengalaman baru TRIBUN-VIDEO.COM - Rektor ...,10073,43,26,https://www.youtube.com/watch?v=udJbEQMny-M,kekerasan seksual dosen mahasiswa
S1pSomZPxis,"Guru Besar UNPAD Diduga Kirim Pesan Pelecehan Seksual ke Mahasiswa Asing, Dinonaktifkan Sementara",Tribunnews,2026-04-17 05:27:27,Download aplikasi berita TribunX di Play Store atau App Store untuk dapatkan pengalaman baru TRIBUN-VIDEO.COM - Seorang ...,9774,36,2,https://www.youtube.com/watch?v=S1pSomZPxis,kekerasan seksual dosen mahasiswa
ioTVU24uQJ0,"Kasus Pelecehan Seksual di FH UI, Publik Desak Sanksi Tegas Untuk Pelaku!  - [Newsline Spotlight]",METRO TV ,2026-04-18 07:41:31,"MetroTV, Sepekan terakhir publik dihebohkan dengan kasus dugaan pelecehan seksual berbasis elektronik yang melibatkan ...",9569,29,18,https://www.youtube.com/watch?v=ioTVU24uQJ0,kekerasan seksual kampus
zMtBD0jmbXg,16 Mahasiswa UI Terlibat Kekerasan Seksual | Kabar Utama,tvOneNews ,2026-04-15 15:12:28,"Kabar Utama, https://www.tvOnenews.com - 16 Mahasiswa UI Terlibat Kekerasan Seksual | Kabar Utama Universitas Indonesia ...",9356,50,28,https://www.youtube.com/watch?v=zMtBD0jmbXg,pelecehan seksual mahasiswa
9cfWJgMO9tY,"Curhatan Mahasiswi Unima Diduga Dilecehkan Dosen hingga Akhiri Hidup, Laporan Sempat Dicueki Kampus",Tribunnews,2026-01-01 11:45:06,Download aplikasi berita TribunX di Play Store atau App Store untuk dapatkan pengalaman baru TRIBUN-VIDEO.COM- ...,9278,64,38,https://www.youtube.com/watch?v=9cfWJgMO9tY,kekerasan seksual dosen mahasiswa
TrSrsUyDpUI,"Dosen UNJ Diduga Lecehkan Mahasiswanya, Kini Sudah Ada 10 Laporan!",KOMPASTV,2021-12-14 15:20:27,"JAKARTA, KOMPAS.TV - Dosen berinisial DA di Universitas Negeri Jakarta diduga lakukan pelecehan seksual terhadap ...",9161,82,48,https://www.youtube.com/watch?v=TrSrsUyDpUI,kekerasan seksual dosen mahasiswa
00w4PoUIUOs,Viral Kronologi Dugaan Pelecehan Seksual Grup Chat Mesum Oleh 16 Mahasiswa FHUI,MerdekaDotCom,2026-04-14 05:46:49,MERDEKA.COM - Kasus dugaan pelecehan seksual yang menyeret nama Fakultas Hukum Universitas Indonesia (FHUI) ramai ...,8999,32,20,https://www.youtube.com/watch?v=00w4PoUIUOs,pelecehan seksual mahasiswa
wai0Zj7eBXA,Sambutan Satgas PPKS (Pencegahan dan Penanganan Kekerasan Seksual) Unpam,Sasmita Jaya TV Official,2025-03-14 09:12:28,,8893,43,7,https://www.youtube.com/watch?v=wai0Zj7eBXA,satgas PPKS kampus
vCAAtBiMTd8,Pelaku Pelecehan Seksual yang Dipersekusi Mahasiswa Universitas Gunadarma Lapor Polisi,Tribunnews,2022-12-20 03:24:38,BACA SELENGKAPNYA ...,8526,86,8,https://www.youtube.com/watch?v=vCAAtBiMTd8,kekerasan seksual kampus
pUxtRpxz7kk,41% Kekerasan Seksual Kampus Terjadi di Indekos. Bisakah Permendikbud PPKS Menindak? | Narasi Daily,Narasi Newsroom,2022-02-04 06:30:06,Indekos yang menjadi tempat tinggal kedua bagi para perantau idealnya menjadi tempat yang aman bagi mereka untuk melepas ...,8249,239,54,https://www.youtube.com/watch?v=pUxtRpxz7kk,korban kekerasan seksual kampus
ER7nvOL2EAw,Oknum Dosen Unsri Resmi Jadi Tersangka Kasus Pelecehan Seksual Mahasiswi #iNewsSiang 11/12,Official iNews,2021-12-11 07:20:25,Tanggal Tayang: 11/12/2021 Dapatkan sajian berita-berita liputan langsung dari lapangan dan peristiwa terkini secara cepat dan ...,8046,80,52,https://www.youtube.com/watch?v=ER7nvOL2EAw,kekerasan seksual dosen mahasiswa
8_vTlI9tn6Y,Permen PPKS: Darurat Kekerasan Seksual di Perguruan Tinggi (1/4),Cerdas Berkarakter Kemendikdasmen RI,2021-10-30 09:15:01,Permendikbudristek Nomor 30 Tahun 2021 tentang Pencegahan dan Penanganan Kekerasan Seksual di Lingkungan Perguruan ...,6983,239,6,https://www.youtube.com/watch?v=8_vTlI9tn6Y,kekerasan seksual kampus
BPL8j1jbDYY,Mendikbud Bikin Aturan: Korban Predator Seksual di Kampus Wajib Dilindungi | Narasi Newsroom,Narasi Newsroom,2021-11-01 09:00:07,"KEMENDIKBUD RISTEK BIKIN ATURAN UNTUK CEGAH DAN TANGANI KEKERASAN SEKSUAL. Iya, maraknya kasus ...",6850,224,58,https://www.youtube.com/watch?v=BPL8j1jbDYY,korban kekerasan seksual kampus
WxuXcvupz2g,"Kekerasan Seksual di Kampus Terungkap, Sejauh Mana Sistem Melindungi Korban?",Kompas.com,2026-04-20 04:15:38,"Dari candaan di ruang digital hingga ancaman sanksi serius, dugaan kekerasan berbasis gender di kampus kembali jadi sorotan.",6847,23,0,https://www.youtube.com/watch?v=WxuXcvupz2g,kekerasan seksual kampus
GkEa1YtV3ac,DPR Dorong Sanksi ke Kampus Yang Tak Serius Tangani Kekerasan Seksual,CNN Indonesia,2026-04-22 10:15:01,"Komisi X DPR RI mengevaluasi penanganan kasus kekerasan seksual di sejumlah kampus (20/4). Wakil Ketua Komisi X DPR RI, ...",6827,19,0,https://www.youtube.com/watch?v=GkEa1YtV3ac,kekerasan seksual kampus
3hLAV9zuvWM,Kasus Dugaan Pelecehan Seksual Mahasiswa UI di Grup Chat,KOMPASTV MALANG,2026-04-14 08:11:43,https://youtu.be/5VGoFPMz7SU?si=FDikyhbb9R5G5phX.,6637,32,6,https://www.youtube.com/watch?v=3hLAV9zuvWM,pelecehan seksual mahasiswa
DEW3yuOJNPQ,"Nasib 16 Mahasiswa Pelaku Pelecehan Seksual Verbal, Status Akademik Dibekukan hingga 30 April",Tribunnews,2026-04-16 08:34:46,Download aplikasi berita TribunX di Play Store atau App Store untuk dapatkan pengalaman baru TRIBUN-VIDEO.,6381,44,30,https://www.youtube.com/watch?v=DEW3yuOJNPQ,pelecehan seksual mahasiswa
w3vdR_A6m3M,"Fakta-Fakta Dugaan Pelecehan Seksual oleh 16 Mahasiswa FH UI, Kampus Lakukan Investigasi",Tribun Kaltim Official,2026-04-14 08:37:28,Download aplikasi berita TribunX di Play Store atau App Store untuk dapatkan pengalaman baru. Kasus dugaan pelecehan ...,6221,26,19,https://www.youtube.com/watch?v=w3vdR_A6m3M,pelecehan seksual mahasiswa
2OqxzLfTqdc,"Lagi, Dugaan Pelecehan Seksual di Kampus",CNN Indonesia,2021-11-08 13:42:27,NARSUM: Nizam / Plt. Dirjen Diktiristek Andy Yentriyani / Ketua Komnas Perempuan Proses Hukum Terhadap Laporan Korban ...,5927,69,16,https://www.youtube.com/watch?v=2OqxzLfTqdc,kekerasan seksual kampus
yLvJ1uXKyeo,"SOSOK DOSEN DIDUGA LAKUKAN PELECEHAN di KRL, Malah Tantang Balik Korban: Bisa Saya Tuntut Balik Loh",Tribunnews Bogor,2026-03-16 02:04:09,Download aplikasi berita TribunX di Play Store atau App Store untuk dapatkan pengalaman baru. TRIBUN-VIDEO.,5777,30,25,https://www.youtube.com/watch?v=yLvJ1uXKyeo,kekerasan seksual dosen mahasiswa
hroSddYBunk,Warga Bicara Dugaan Pelecehan Seksual di Kampus UI - [Selamat Pagi Indonesia],METRO TV ,2026-04-16 03:07:04,"MetroTV, Kasus dugaan kekerasan seksual kembali terjadi di lingkungan kampus, kali ini di Universitas Indonesia. Penanganan ...",5571,25,13,https://www.youtube.com/watch?v=hroSddYBunk,kekerasan seksual kampus
B8FXFQyW6vM,"🔴LIVE: 16 Mahasiswa FH UI Jalani Sidang Terbuka Gegara Chat Pelecehan, Pelaku Terancam Sanksi",Tribunnews Sultra Official,2026-04-14 22:28:35,Download aplikasi berita TribunX di Play Store atau App Store untuk dapatkan pengalaman baru TRIBUN-VIDEO.,5355,23,11,https://www.youtube.com/watch?v=B8FXFQyW6vM,pelecehan seksual mahasiswa
BYNW4g_hywY,Kasus Pelecehan Seksual Universitas Riau Naik Status Perkara dari Penyelidikan ke Penyidikan,KOMPASTV,2021-11-12 07:16:59,"RIAU, KOMPAS.TV - Setelah melewati proses penyelidikan, Kepolisian Daerah (Polda) Riau melakukan gelar perkara dan pra ...",5232,79,16,https://www.youtube.com/watch?v=BYNW4g_hywY,kasus pelecehan seksual universitas
gERYg3AkwJ0,Psikolog Bicara Kasus Chat Pelecehan Seksual Mahasiswa FH UI #Beritasatu,BeritaSatu,2026-04-15 13:15:07,Menteri Pemberdayaan Perempuan dan Perlindungan Anak mengecam keras kasus dugaan pelecehan seksual yang terjadi di ...,5072,31,21,https://www.youtube.com/watch?v=gERYg3AkwJ0,kasus pelecehan seksual universitas
RNu-NV-IsWU,Dua Dosen Unsri Tersandung Pelecehan Seksual | Kabar Pagi tvOne,tvOneNews ,2021-12-29 03:10:32,"Jakarta, https://www.tvOnenews.com - Dua Dosen Unsri Tersandung Pelecehan Seksual | Kabar Pagi tvOne Pelecehan seksual ...",5031,52,19,https://www.youtube.com/watch?v=RNu-NV-IsWU,kekerasan seksual dosen mahasiswa
wifT_AhVwTM,Mahasiswi UNSRI Pelapor Kasus Pelecehan oleh Dosen Dicoret dari Yudisium #BuletinNewsSiang 04/12,Buletin iNews GTV,2021-12-04 07:45:27,Tanggal Tayang: 04/12/2021 Program berita harian yang menyajikan berbagai peristiwa terkini secara cepat dan akurat dari ...,4945,56,18,https://www.youtube.com/watch?v=wifT_AhVwTM,kekerasan seksual dosen mahasiswa
CNL2Oi_k_4M,Ini Sanksi bagi Perguruan Tinggi Jika Tak Ikuti Permendikbudristek PPKS,Kompas.com,2021-11-12 12:53:13,Perguruan tinggi diwajibkan mengikuti aturan yang tertuang dalam Permendikbud Nomor 30 Tahun 2021 tentang Pencegahan ...,4874,37,26,https://www.youtube.com/watch?v=CNL2Oi_k_4M,PPKS perguruan tinggi
qlUp3XlZpR4,Kasus Pelecehan Seksual 16 Mahasiswa FH UI di Grup Chat di Mata Guru Besar Sosiolog #Beritasatu,BeritaSatu,2026-04-16 13:01:29,Dunia pendidikan tinggi di Indonesia tengah menjadi sorotan menyusul terungkapnya kasus pelecehan seksual di sejumlah ...,4866,24,18,https://www.youtube.com/watch?v=qlUp3XlZpR4,kekerasan seksual kampus
r3LEqU0F03g,"🔴16 Mahasiswa FH Diduga Lakukan Pelecehan Seksual, Aliansi BEM UI Desak Pelaku Segera Dikeluarkan",Tribun Jambi,2026-04-15 05:43:21,Aliansi Badan Eksekutif Mahasiswa (BEM) seluruh Fakultas Universitas Indonesia (UI) mendesak agar 16 mahasiswa Fakultas ...,4702,19,1,https://www.youtube.com/watch?v=r3LEqU0F03g,kekerasan seksual kampus
9wkRF8AovdU,Mahasiswi NWR Sempat Laporkan Pelecehan Seksual ke Kampus pada Januari 2020,Kompas.com,2021-12-06 03:11:41,Seorang mahasiswi berinisial NWR ditemukan meninggal dunia di makam ayahnya pada Kamis (2/12/2021) karena diduga ...,4671,35,34,https://www.youtube.com/watch?v=9wkRF8AovdU,kasus pelecehan seksual universitas
G_zM3SWQpQQ,UI Angkat Bicara Kasus Dugaan Pelecehan Seksual di Fakultas Hukum | Kabar Utama,tvOneNews ,2026-04-14 15:30:18,"Kabar Utama, https://www.tvOnenews.com - UI Angkat Bicara Kasus Dugaan Pelecehan Seksual di Fakultas Hukum | Kabar ...",4647,29,30,https://www.youtube.com/watch?v=G_zM3SWQpQQ,kasus pelecehan seksual universitas
-clERswsvCk,"Terekam CCTV Lakukan Kekerasan Seksual Pada Mahasiswi, Dosen Dipecat dan Jadi Tersangka",KompasTV Pontianak,2023-05-08 15:13:57,"BALI, KOMPASTV - Seorang dosen di Buleleng, Bali diduga melakukan kekerasan seksual terhadap mahasiswinya.",4532,42,8,https://www.youtube.com/watch?v=-clERswsvCk,kekerasan seksual dosen mahasiswa
1JZkLZeFFvs,Kasus dugaan pelecehan seksual di (FH UI) kini tengah menjadi perhatian publik.,Radar Jogja Channel,2026-04-15 08:07:52,Kasus dugaan pelecehan seksual di Fakultas Hukum Universitas Indonesia (FH UI) kini tengah menjadi perhatian publik.,4320,46,1,https://www.youtube.com/watch?v=1JZkLZeFFvs,sexual harassment kampus indonesia
oeNkCi_B1fs,"Dosen Unpad Diduga Lecehkan Mahasiswi, Kini Dinonaktifkan",Kompas.com,2026-04-16 14:36:17,Universitas Padjadjaran menonaktifkan seorang dosen yang diduga terlibat kasus pelecehan seksual terhadap mahasiswi ...,4199,59,4,https://www.youtube.com/watch?v=oeNkCi_B1fs,kekerasan seksual dosen mahasiswa
1AjejUIZSwE,"16 Mahasiswa FH UI Disidang Ramai-ramai Gara-gara Pelecehan Seksual, Kampus Siap Tindak Tegas",Tribun Jateng,2026-04-15 15:41:25,Sebanyak 16 mahasiswa Fakultas Hukum Universitas Indonesia menjalani sidang terbuka pada Senin (13/4/2026) malam.,4154,31,8,https://www.youtube.com/watch?v=1AjejUIZSwE,kekerasan seksual kampus
SpEcgXV6GF4,"16 Mahasiswa FH UI Disidang Ramai-ramai Gara-gara Pelecehan Seksual, Kampus Siap Tindak Tegas",Tribunnews,2026-04-14 07:20:41,Download aplikasi berita TribunX di Play Store atau App Store untuk dapatkan pengalaman baru TRIBUN-VIDEO.,4106,31,14,https://www.youtube.com/watch?v=SpEcgXV6GF4,korban kekerasan seksual kampus
5R4NOdH0L6Q,Sosialisasi Pelaksanaan PPKS di Lingkungan Perguruan Tinggi,"Kementerian Pendidikan Tinggi, Sains dan Teknologi",2022-03-16 08:27:57,,3850,108,1,https://www.youtube.com/watch?v=5R4NOdH0L6Q,PPKS perguruan tinggi
Z3U_uszdRTo,Seri Edukasi Permen PPKS: Panitia Seleksi Satuan Tugas (Satgas),Cerdas Berkarakter Kemendikdasmen RI,2021-10-28 11:45:35,Permendikbudristek Nomor 30 Tahun 2021 tentang Pencegahan dan Penanganan Kekerasan Seksual di Lingkungan Perguruan ...,3765,61,5,https://www.youtube.com/watch?v=Z3U_uszdRTo,PPKS perguruan tinggi
eX41X5_hBxo,"🔴 LIVE | Marak Kasus Pelecehan Seksual, Alarm Bahaya Bagi Kampus - Beritasatu Sore",BeritaSatu,2026-04-18 10:35:14,Beritasatu #SaatnyaMajuBersama Pastikan kamu subscribe dan aktifkan juga tombol lonceng untuk mendapatkan notifikasi video ...,3621,18,3,https://www.youtube.com/watch?v=eX41X5_hBxo,kekerasan seksual kampus
5wUqKdTEdxo,"6 Fakta Kasus Pelecehan Seksual 16 Mahasiswa FH UI yang Jadi Sorotan Publik, Bermula dari Grup Chat",SURYAMALANG. com (SURYAMALANG.com),2026-04-14 09:35:09,Download aplikasi berita TribunX di Play Store atau App Store untuk dapatkan pengalaman baru Host : Septyana Eka VP : Reza ...,3619,17,21,https://www.youtube.com/watch?v=5wUqKdTEdxo,pelecehan seksual mahasiswa
S1xDHIRHaY8,Pencegahan dan Penanganan Kekerasan Seksual di Kampus | Serial Diskusi Daring: Bedah RUU-PKS 6,Kanal Pengetahuan FH UGM,2020-08-13 14:16:26,"BEDAH RUU-PKS 6 Serial Diskusi Daring ""Pencegahan dan Penanganan Kekerasan Seksual di Kampus"" Kasus Kekerasan ...",3417,86,6,https://www.youtube.com/watch?v=S1xDHIRHaY8,kekerasan seksual kampus
necheXQg118,16 Mahasiswa FH UI Terjerat Kasus Pelecehan Seksual,Kompas.com,2026-04-14 13:45:16,Sebanyak 16 orang mahasiswa Universitas Indonesia (UI) diduga melakukan pelecehan terhadap mahasiswi di fakultas tersebut.,3241,10,14,https://www.youtube.com/watch?v=necheXQg118,sexual harassment kampus indonesia
RJuKbaMZhy4,"16 Mahasiswa FH UI Disidang Ramai-ramai Gara-gara Pelecehan Seksual, Kampus Siap Tindak Tegas",Tribun Jateng,2026-04-15 06:58:37,"16 Mahasiswa FH UI Disidang Ramai-ramai Gara-gara Pelecehan Seksual, Kampus Siap Tindak Tegas Video Editor : Arif ...",3147,13,0,https://www.youtube.com/watch?v=RJuKbaMZhy4,sexual harassment kampus indonesia
Ba3Sxn2_H08,"Polemik Peraturan PPKS di Kampus Dianggap Legalkan Zina, Kemendikbudristek Minta Tak Salah Persepsi",Tribunnews,2021-11-12 00:45:01,"TRIBUN-VIDEO.COM - Peraturan Menteri Pendidikan, Kebudayaan, Riset, dan Teknologi (PerMendikbudristek) tentang ...",3128,10,26,https://www.youtube.com/watch?v=Ba3Sxn2_H08,PPKS perguruan tinggi
JewuSCZMiqU,"Heboh! Kasus Kekerasan Seksual di Kampus UNIB, Pelaku Diskors 1 Semester",Tribun Bengkulu,2026-04-23 05:16:23,Satuan Tugas Pencegahan dan Penanganan Kekerasan di Perguruan Tinggi atau Satgas PPKPT Universitas Bengkulu ...,3124,9,0,https://www.youtube.com/watch?v=JewuSCZMiqU,kekerasan seksual kampus
z-IJV42qYNE,Skandal Seksual Oknum Dosen dan Mahasiswa Universitas HKBP Nommensen Pematangsiantar,Tribun MedanTV,2026-02-26 02:15:00,Download aplikasi berita TribunX di Play Store atau App Store untuk dapatkan pengalaman baru TRIBUN-MEDAN.COM - Rektor ...,3067,13,8,https://www.youtube.com/watch?v=z-IJV42qYNE,kasus pelecehan seksual universitas
qgW4Nn9OWFo,Kampus Merdeka dari Kekerasan Seksual,CNN Indonesia,2022-12-04 00:50:18,"Kementerian Pendidikan, Kebudayaan, Riset, dan Teknologi memiliki fokus untuk mengentaskan kekerasan seksual, ...",3039,42,6,https://www.youtube.com/watch?v=qgW4Nn9OWFo,kekerasan seksual kampus
SRmsSpHFzVw,"🔴LIVE: 16 Mahasiswa FH UI Jalani Sidang Terbuka Gegara Chat Pelecehan, Pelaku Terancam Sanksi",Tribun Bekasi Official,2026-04-14 13:13:53,Download aplikasi berita TribunX di Play Store atau App Store untuk dapatkan pengalaman baru. TRIBUN-VIDEO.,2987,9,2,https://www.youtube.com/watch?v=SRmsSpHFzVw,pelecehan seksual mahasiswa
dCxDzWmD9jE,"🔴NYARIS RICUH DI FH UI, 16 MAHASISWA Anggota Grup Chat di Fakultas Hukum Dipamerkan",SURYAMALANG. com (SURYAMALANG.com),2026-04-14 11:15:15,Download aplikasi berita TribunX di Play Store atau App Store untuk dapatkan pengalaman baru TRIBUN-VIDEO.,2907,15,4,https://www.youtube.com/watch?v=dCxDzWmD9jE,kekerasan seksual kampus
NFmMnHDVBd4,"🔵 DUGAAN PELECEHAN DOSEN UNIMA, MAHASISWI DITEMUKAN MENINGGAL DI KOS",Tribun Singkawang,2026-01-02 19:42:09,"Seorang mahasiswi Universitas Negeri Manado atau Unima, bernama Evia Maria Mangolo, berusia 21 tahun, ditemukan ...",2907,11,2,https://www.youtube.com/watch?v=NFmMnHDVBd4,kekerasan seksual dosen mahasiswa
D9vFMMSOB24,Pencegahan dan Penanganan Kekerasan Seksual di Perguruan Tinggi,METRO TV ,2021-11-09 04:54:52,"Kementerian Pendidikan, Kebudayaan, Riset dan Teknologi telah menerbitkan Peraturan Menteri Nomor 30 tahun 2021 tentang ...",2870,33,4,https://www.youtube.com/watch?v=D9vFMMSOB24,PPKS perguruan tinggi
r0Hc5LPecEA,Kasus Dugaan Pelecehan Seksual Mahasiswa UI,KOMPASTV MALANG,2026-04-15 09:10:36,KOMPAS.TV - Aliansi Badan Eksekutif Mahasiswa Universitas Indonesia menuntut 16 mahasiswa Fakultas Hukum yang diduga ...,2758,13,9,https://www.youtube.com/watch?v=r0Hc5LPecEA,sexual harassment kampus indonesia
nHKAJn9XOx4,Komnas HAM Dukung Permendikbud PPKS: Memberi Rasa Aman di Kalangan Kampus,KOMPASTV,2021-11-12 12:59:15,"JAKARTA, KOMPAS.TV - Komisi Nasional Hak Asasi Manusia menegaskan pentingnya Permendikbudristek nomor 30 tahun ...",2748,11,1,https://www.youtube.com/watch?v=nHKAJn9XOx4,PPKS perguruan tinggi
uW_WdRHSN4o,Oknum Dosen di UNJ Dilaporkan Mahasiswi Terkait Pelecehan Seksual #BuletiniNewsSiang 15/12,Buletin iNews GTV,2021-12-15 06:20:27,Tanggal Tayang: 15/12/2021 Program berita harian yang menyajikan berbagai peristiwa terkini secara cepat dan akurat dari ...,2624,22,1,https://www.youtube.com/watch?v=uW_WdRHSN4o,kekerasan seksual dosen mahasiswa
0l4YHB1jNf0,Dosen di Buleleng Lecehkan Mahasiswi Ditangkap Polisi,TribunbatamID,2023-05-09 09:53:46,Dosen di Buleleng Lecehkan Mahasiswi Ditangkap Polisi Dosen yang diduga melakukan pelecehan seksual dan percobaan ...,2586,11,6,https://www.youtube.com/watch?v=0l4YHB1jNf0,kekerasan seksual dosen mahasiswa
QoojJo71VzA,Ada Penumpang Gelap dalam Permendikbud Ristek Tentang Pencegahan Kekerasan Seksual di Kampus? - ROSI,KOMPASTV,2021-11-21 01:25:45,"KOMPASTV - Penulis Fahd Pahdepie menilai dalam perdebatan frasa “tanpa persetujuan korban”, ada masalah dalam ...",2478,12,13,https://www.youtube.com/watch?v=QoojJo71VzA,kekerasan seksual kampus
5Y0mOSgqY5E,Komitmen Pemerintah Lindungi Korban Kekerasan Seksual - NGOPI,KOMPASTV,2022-03-12 11:29:13,"KOMPASTV - Kasus kekerasan seksual menunjukkan tren meningkat signifikan, terutama sejak pandemi COVID-19. Mayoritas ...",2331,8,1,https://www.youtube.com/watch?v=5Y0mOSgqY5E,korban kekerasan seksual kampus
3wuG_HMWgj8,Serial KIE #02. Tindak Kekerasan Seksual di Lingkungan Kampus,LP2M UINSA Official,2024-06-30 13:13:14,"""Menyisir kasus kekerasan seksual di perguruan tinggi, betapapun rumitnya.. mestilah tetap dilakukan. Namun tak kalah ...",2138,24,0,https://www.youtube.com/watch?v=3wuG_HMWgj8,kekerasan seksual kampus
wbaKLqltRm0,"Pelecehan Seksual FH UI, Kampus Berani Pecat Pelaku? | GASPOL Ft Rieke Diah Pitaloka",Kompas.com,2026-04-21 13:30:06,Anggota Komisi XIII DPR RI Rieke Diah Pitaloka bicara soal perjuangan perempuan untuk bisa bersuara dan tampil di ruang ...,2083,33,3,https://www.youtube.com/watch?v=wbaKLqltRm0,kekerasan seksual kampus
S9ekk31aJOg,"Dua Mahasiswi Unsri Kembali Diduga Menjadi Korban Pelecehan oleh Oknum Dosen, Ini Respons BEM Unsri",Tribunnews,2021-11-30 11:43:31,TRIBUN-VIDEO.COM - Badan Eksekutif Mahasiswa Keluarga Mahasiswa (BEM-KM) Universitas Sriwijaya (Unsri) kembali ...,1996,25,1,https://www.youtube.com/watch?v=S9ekk31aJOg,kekerasan seksual dosen mahasiswa
VyFD7Q5QRfg,Jalan Berliku RUU Penghapusan Kekerasan Seksual,CNN Indonesia,2020-07-25 07:00:04,"Live streaming 24 jam: https://www.cnnindonesia.com/tv Pada 2012, angka kekerasan seksual melambung hingga 4 ribu 336 ...",1980,25,9,https://www.youtube.com/watch?v=VyFD7Q5QRfg,korban kekerasan seksual kampus
N5UQx3ytYmw,"UI Nonaktifkan 16 Mahasiswa Terduga Pelaku Pelecehan Seksual, Dilarang Masuk Kampus",Kompas.com,2026-04-16 07:55:39,Universitas Indonesia menetapkan penonaktifkan sementara terhadap 16 mahasiswa Fakultas Hukum (FH UI) yang diduga ...,1979,9,15,https://www.youtube.com/watch?v=N5UQx3ytYmw,sexual harassment kampus indonesia
urYqNDoFwZI,Menteri PPPA Kawal Kasus Pelecehan Di Kampus UI,Sin Po tv,2026-04-16 07:51:01,Menteri PPPA Arifah Fauzi berkunjung ke rektorat UI untuk mengawal penanganan kasus kekerasan seksual di FH UI. Menteri ...,1877,37,1,https://www.youtube.com/watch?v=urYqNDoFwZI,sexual harassment kampus indonesia
Ancy2wslN40,Permendikbud Tentang Pencegahan Kekerasan Seksual di Lingkungan Kampus Perlukah DirevisI? - ROSI,KOMPASTV,2021-11-18 16:16:55,"KOMPASTV - Aktivis Perempuan, Kalis Mardiasih, menyebut, frasa “tanpa persetujuan korban” dalam Permendikbud Ristek No.",1874,35,13,https://www.youtube.com/watch?v=Ancy2wslN40,korban kekerasan seksual kampus
ObtuZBZrWR4,Seri Edukasi Permen PPKS: Soal Sering Ditanya (SSD),Cerdas Berkarakter Kemendikdasmen RI,2021-10-28 11:53:48,Permendikbudristek Nomor 30 Tahun 2021 tentang Pencegahan dan Penanganan Kekerasan Seksual di Lingkungan Perguruan ...,1848,38,14,https://www.youtube.com/watch?v=ObtuZBZrWR4,PPKS perguruan tinggi
9KzNKCVJ1jM,Webinar - Kekerasan Seksual di Sekitar Kita: Mahasiswa Bisa Apa ?,cicil.co.id,2021-12-02 14:05:02,"Tunggal Pawestri adalah pegiat isu keadilan gender, HAM dan kebebasan sipil. Ia saat ini bekerja sebagai Direktur Eksekutif ...",1772,45,1,https://www.youtube.com/watch?v=9KzNKCVJ1jM,pelecehan seksual mahasiswa
fXqzYCHefXM,Mahasiswi Unri Mengaku Dilecehkan Dosen Saat Bimbingan Skripsi Ketakutan dan Trauma,Tribun Jateng,2021-11-05 07:06:50,Klik Subscribe dan nyalakan notifikasi agar mendapatkan update news video terbaru Seorang mahasiswi jurusan Hubungan ...,1581,17,8,https://www.youtube.com/watch?v=fXqzYCHefXM,kekerasan seksual dosen mahasiswa
3gIuTuTXLD4,Dosen Terduga Pelaku Pelecehan Mahasiswi Telah Diperiksa Penyidik #iNewsMalam 12/11,Official iNews,2021-11-13 01:33:44,Tanggal Tayang: 12/11/2021 Dapatkan sajian berita-berita liputan langsung dari lapangan dan peristiwa terkini secara cepat dan ...,1534,11,3,https://www.youtube.com/watch?v=3gIuTuTXLD4,pelecehan seksual mahasiswa
BiDSQXnNapA,Uji Publik Satgas PPKS Universitas Atma Jaya Yogyakarta,Universitas Atma Jaya Yogyakarta (UAJY),2022-11-17 05:32:07,Uji Publik Satgas PPKS (Pencegahan dan Penanganan Kekerasan Seksual) Universitas Atma Jaya Yogyakarta Hari/tanggal ...,1515,17,0,https://www.youtube.com/watch?v=BiDSQXnNapA,satgas PPKS kampus
x3jDWKL8WJU,"Beda sama UI, Rektor UGM &amp; Unpad Full Dukung Satgas PPKS",kumparan,2024-04-04 13:22:06,Satuan Tugas Pencegahan dan Penanganan Kekerasan Seksual Universitas Indonesia atau Satgas PPKS UI Periode ...,1494,22,0,https://www.youtube.com/watch?v=x3jDWKL8WJU,PPKS perguruan tinggi
X4OW51tGCAw,"Cabut Laporan, Pelaku &amp; Korban Pelecehan Seksual Kampus Gunadarma Berdamai #LintasiNewsMalam 16/12",Lintas iNews MNCTV,2022-12-17 01:18:37,"Tanggal Tayang: 16/12/2022 Berita bercerita menyampaikan fakta apa adanya, tanpa rekayasa. MNCTV News menyajikan ...",1401,14,6,https://www.youtube.com/watch?v=X4OW51tGCAw,kekerasan seksual kampus
0TqMOD_R-Tg,Seri Edukasi Permen PPKS: Pemantauan dan Evaluasi,Cerdas Berkarakter Kemendikdasmen RI,2021-10-28 11:55:09,Permendikbudristek Nomor 30 Tahun 2021 tentang Pencegahan dan Penanganan Kekerasan Seksual di Lingkungan Perguruan ...,1301,36,0,https://www.youtube.com/watch?v=0TqMOD_R-Tg,PPKS perguruan tinggi
243LT0RwQ80,Satgas PPKPT ITS: Ciptakan Kampus Aman &amp; Nyaman Bebas Kekerasan,Institut Teknologi Sepuluh Nopember,2025-08-04 10:00:04,"Halo Sobat Kampus! Kampus adalah tempat kita untuk belajar dan berkembang. Tapi, bagaimana jika kekerasan mengancam ...",1300,34,3,https://www.youtube.com/watch?v=243LT0RwQ80,satgas PPKS kampus
z6U70S03syU,"Unima Buka Suara Kasus Kematian Mahasiswi PGSD, Rektor : Kampus Tindak Tegas Kekerasan Seksual‎",Tribunnews Manado,2026-01-01 08:09:08,Pimpinan Universitas Negeri Manado (Unima) angkat bicara terkait kasus kematian mahasiswi PGSD Fakultas Ilmu Pendidikan ...,1283,7,1,https://www.youtube.com/watch?v=z6U70S03syU,kekerasan seksual dosen mahasiswa
Ru0WUYuDDWE,"Kekerasan seksual di kampus terungkap, sejauh mana sistem melindungi korban?",DW Indonesia,2026-04-16 11:09:13,"Dari candaan di ruang digital hingga ancaman sanksi serius, dugaan kekerasan berbasis gender di kampus kembali jadi sorotan.",1276,43,11,https://www.youtube.com/watch?v=Ru0WUYuDDWE,korban kekerasan seksual kampus
JiErWtYI5BM,"🔴Diduga Dilecehkan Dosen, Mahasiswi Unima Depresi hingga Ditemukan Meninggal di Kamar Kos",Tribun Jambi,2026-01-01 23:29:36,Download aplikasi berita TribunX di Play Store atau App Store untuk dapatkan pengalaman baru Mahasiswi Universitas Negeri ...,1260,4,0,https://www.youtube.com/watch?v=JiErWtYI5BM,kekerasan seksual dosen mahasiswa
dlhzPSutHc8,"🔴LIVE: 16 Mahasiswa FH UI Jalani Sidang Terbuka Gegara Chat Pelecehan, Pelaku Terancam Sanksi",Tribunnews Bogor,2026-04-14 23:18:13,Download aplikasi berita TribunX di Play Store atau App Store untuk dapatkan pengalaman baru. TRIBUN-VIDEO.,1213,7,1,https://www.youtube.com/watch?v=dlhzPSutHc8,pelecehan seksual mahasiswa
arcV6Qdo8nQ,SATGAS PPKS HARUS ADA DI SELURUH KAMPUS INDONESIA,HukumID Channel,2025-02-26 03:17:57,HukumIDcom #advokatindonesia.,1171,272,0,https://www.youtube.com/watch?v=arcV6Qdo8nQ,satgas PPKS kampus
UG8-0RJ-eGU,Kemendikbud Ristek Tegaskan Kampus Harus Jadi Ruang Aman Tanpa Kekerasan Seksual,KOMPASTV,2022-04-04 08:10:42,"JAKARTA, KOMPAS.TV - Berdasarkan data dari Kementerian Pemberdayaan Perempuan dan Perlindungan Anak sepanjang ...",1130,9,1,https://www.youtube.com/watch?v=UG8-0RJ-eGU,kekerasan seksual kampus
d_YmFpVHqRc,"Marak Pelecehan Seksual di Kampus, JPPI Usul Tak Cuma Pelaku yang Disanksi tapi Juga Universitas",Tribunnews,2026-04-17 14:19:20,Download aplikasi berita TribunX di Play Store atau App Store untuk dapatkan pengalaman baru TRIBUN-VIDEO.COM - Dalam ...,1121,6,1,https://www.youtube.com/watch?v=d_YmFpVHqRc,sexual harassment kampus indonesia
6y4daWt-fxg,Pemangsa Seks di Kampus Kita | Opini Tempo,Tempodotco,2021-11-25 10:00:13,"TEMPO.CO - Hasil survei terakhir Kementerian Pendidikan, Kebudayaan, Riset, dan Teknologi menyebutkan 77% dosen ...",1093,18,4,https://www.youtube.com/watch?v=6y4daWt-fxg,korban kekerasan seksual kampus
F_rx3OTrBP4,"Fakta Mengejutkan Kasus FH UI: 16 Mahasiswa, Puluhan Korban Sekadar Chat atau Kekerasan Seksual?",MaklumatID,2026-04-21 10:10:15,Kasus dugaan pelecehan seksual yang melibatkan 16 mahasiswa Fakultas Hukum Universitas Indonesia (FH UI) mengungkap ...,986,18,0,https://www.youtube.com/watch?v=F_rx3OTrBP4,sexual harassment kampus indonesia
Lc8Xt573gJg,Satu Lagi Dosen Universitas Sriwijaya Jadi Tersangka Pelecehan Seksual,Harian Kompas,2021-12-11 05:50:49,"Jumat (10/12/2021), polisi menetapkan tersangka atas dosen Universitas Sriwijaya berinisial R dalam kasus pelecehan seksual.",980,10,4,https://www.youtube.com/watch?v=Lc8Xt573gJg,kekerasan seksual dosen mahasiswa
UuKNCamHm8k,SANKSI YANG DITERIMA PELAKU KEKERASAN S3KSUAL DI LINGKUNGAN KAMPUS!,cewekbanget,2021-11-15 12:15:12,SANKSI YANG DITERIMA PELAKU KEKERASAN S3KSUAL DI LINGKUNGAN KAMPUS! CewekBanget.ID Kasus kekerasan ...,919,5,2,https://www.youtube.com/watch?v=UuKNCamHm8k,kekerasan seksual kampus
trtpWmwDiiU,"Baru 4 Kampus yang Dirikan Satgas PPKS, Nadiem Makarim Panggil Semua Pimpinan Perguruan Tinggi",Tribunnews,2022-03-20 08:33:58,BACA SELENGKAPNYA ...,899,5,1,https://www.youtube.com/watch?v=trtpWmwDiiU,PPKS perguruan tinggi
vZddyNMUJ4g,"Sempat Tuai Polemik, Ini Isi Permendikbud Nomor 30 Tahun 2021 soal PPKS di Perguruan Tinggi",Tribunnews,2021-11-18 08:22:56,"TRIBUN-VIDEO.COM - Peraturan Menteri Pendidikan, Kebudayaan, Riset, dan Teknologi (Permendikbudristek) Nomor 30 Tahun ...",859,3,3,https://www.youtube.com/watch?v=vZddyNMUJ4g,PPKS perguruan tinggi
XxfRRWAS0EE,"Komisi X DPR Tekan UI: 16 Mahasiswa Harus Dijerat UU TPKS, Bukan Sekadar Sanksi Kampus?",MaklumatID,2026-04-20 03:41:26,Kasus dugaan pelecehan seksual yang melibatkan 16 mahasiswa Fakultas Hukum Universitas Indonesia (UI) kian memanas ...,856,13,0,https://www.youtube.com/watch?v=XxfRRWAS0EE,sexual harassment kampus indonesia
88Aud8e0dYA,Tugas dan Fungsi Satgas PPKS Politeknik Negeri Lampung,Politeknik Negeri Lampung,2023-06-19 02:37:16,Halo Sobat Polinela..!! Polinela Podcast kali ini membahas tentang Tugas dan Fungsi serta peranan Satuan Tugas (Satgas) ...,848,41,4,https://www.youtube.com/watch?v=88Aud8e0dYA,satgas PPKS kampus
L1vFGtn5Cug,Bagaimana kasus kekerasan seksual perguruan tinggi kerap diabaikan? #Shorts,The Conversation Indonesia,2021-11-10 10:00:08,,839,18,0,https://www.youtube.com/watch?v=L1vFGtn5Cug,PPKS perguruan tinggi
QxaeUs2uCgo,Percepatan Pembentukan Satuan Tugas PPKS di Lingkungan Perguruan Tinggi Swasta,Cerdas Berkarakter Kemendikdasmen RI,2024-05-06 09:12:59,"SahabatKarakter, salah satu amanah Permendikbudristek Nomor 30 Tahun 2021 tentang Pencegahan dan Penanganan ...",760,15,0,https://www.youtube.com/watch?v=QxaeUs2uCgo,PPKS perguruan tinggi
w6_CEl1FxPQ,"Ironi! Kasus Kekerasan Seksual 10 Mahasiswi Terpenuhi Unsur, Tapi Dihentikan. Dosen Bersuara!",Ruang Literasi,2023-02-28 22:16:23,"Kasus kekerasan seksual yang melanda 10 mahasiswi di mataram, nusa tenggara barat, kandas di penyelidikan.",742,28,4,https://www.youtube.com/watch?v=w6_CEl1FxPQ,kekerasan seksual dosen mahasiswa
uJZa29we7SA,Dosen Lecehkan Belasan Mahasiswi dengan Modus Bimbingan Tugas Akhir - FAKTA+62,MDTV NEWS OFFICIAL,2025-04-11 07:17:46,Subscribe MDTV NEWS OFFICAL Youtube Channel: https://www.youtube.com/@Mdtvnewsofficial Syarat & Ketentuan: ...,740,6,2,https://www.youtube.com/watch?v=uJZa29we7SA,kekerasan seksual dosen mahasiswa
sjMBoXzn8aU,Pelaku Pelecehan Seksual di Universitas Gunadarma Dipersekusi Jadi Sorotan Kemen PPPA | Liputan 6,Liputan6,2022-12-17 01:39:56,Aksi persekusi yang terjadi di Universitas Gunadarma mendapat perhatian dari Kementerian PPPA. Mereka menilai kendati ...,701,3,3,https://www.youtube.com/watch?v=sjMBoXzn8aU,kasus pelecehan seksual universitas
KjfIunEeHfQ,Mewujudkan Kampus Bebas Kekerasan Seksual: Pentingnya Satgas PPKS di Perguruan Tinggi!,"Kementerian Pendidikan Tinggi, Sains dan Teknologi",2025-02-18 05:49:01,,684,7,0,https://www.youtube.com/watch?v=KjfIunEeHfQ,PPKS perguruan tinggi
S4_Z8ODGwFk,Mahasiswa Unsoed yang Dianiaya Rekan Dilaporkan ke Polisi Soal Kekerasan Seksual,kumparan,2026-04-23 07:13:22,"Seorang mahasiswa Universitas Jenderal Soedirman (Unsoed), Purwokerto, Banyumas, Jawa Tengah, berinisial D melapor ke ...",671,3,2,https://www.youtube.com/watch?v=S4_Z8ODGwFk,pelecehan seksual mahasiswa
Xswkcw1slzs,SATGAS PPKS USU Periode 2022-2024,Universitas Sumatera Utara,2022-09-07 12:05:12,www.usu.ac.id.,638,23,2,https://www.youtube.com/watch?v=Xswkcw1slzs,PPKS perguruan tinggi
zCYM3MVTpDc,Momen 2 Mahasiswa Klarifikasi Kasus Dugaan Pelecehan Seksual di UI,KOMPASTV SORONG,2026-04-14 10:17:55,"JAKARTA, KOMPAS.TV - Selasa (14/4/2026) dini hari, auditorium Universitas Indonesia dipenuhi mahasiswa yang ingin meminta ...",630,4,0,https://www.youtube.com/watch?v=zCYM3MVTpDc,pelecehan seksual mahasiswa
aEHLpsE2C8U,Satgas PPKS Universitas Budi Luhur 2022,Nada Luhur SWYC,2022-08-30 03:40:00,"Universitas Budi Luhur telah membentuk pansel, satgas, dan duta Anti Kekerasan seksual loh. Terdapat beberapa rangkaian ...",595,136,17,https://www.youtube.com/watch?v=aEHLpsE2C8U,satgas PPKS kampus
fTDE7-B5bqA,"3 Mahasiswi UMY Jadi Korban Kekerasan Seksual, Pelaku Dikeluarkan dari Kampus | Liputan 6",Liputan6,2022-01-07 08:01:51,Kekerasan seksual terjadi lagi di lingkungan kampus. Tiga mahasiswi disebut menjadi korban pemerkosaan oleh seorang aktivis ...,582,14,0,https://www.youtube.com/watch?v=fTDE7-B5bqA,kekerasan seksual kampus
fb0SRastwGg,"Kasus Pelecehan di FH UI, Rieke: Jangan Hanya Disanksi Administratif!",Banteng Senayan,2026-04-22 09:28:47,Kemarahan publik terhadap maraknya kasus kekerasan seksual di lingkungan kampus kembali mencuat. Rieke Diah Pitaloka ...,572,5,0,https://www.youtube.com/watch?v=fb0SRastwGg,sexual harassment kampus indonesia
s8ORr48Fwaw,Sosialisasi Satgas PPKS di Perguruan Tinggi,LLDIKTI Wilayah VI,2023-05-19 21:09:29,,559,2,1,https://www.youtube.com/watch?v=s8ORr48Fwaw,PPKS perguruan tinggi
wadkJo8wG3Q,Kampus Investigasi Dugaan Pelecehan Seksual Mahasiswa FH UI,KOMPASTV JAWA TENGAH,2026-04-14 07:51:21,KOMPAS.TV - Kampus Investigasi Dugaan Pelecehan Seksual Mahasiswa FH UI #beritaterkini #ui #mahasiswa #polisi Sahabat ...,558,2,0,https://www.youtube.com/watch?v=wadkJo8wG3Q,sexual harassment kampus indonesia
d57VImR50wQ,"Banyak Frasa Multiinterpretasi, Permendikbud PPKS Dianggap Sulit Dijalankan, Akademisi: Harus Revisi",Tribunnews,2021-12-11 08:46:40,TRIBUN-VIDEO.COM - Permendikbud PPKS masih menjadi kontroversi hingga kini. Peraturan untuk payung hukum bagi ...,553,0,0,https://www.youtube.com/watch?v=d57VImR50wQ,PPKS perguruan tinggi
xhtkwugpL5k,"Yakin Cuma Bercanda, Bukan Pelecehan? Ini Tata Cara Lapor ke Satgas PPKS ITS!",Institut Teknologi Sepuluh Nopember,2026-04-14 05:01:01,"Trivday, program panduan praktis dari ITS TV, hadir untuk memberikan berbagai tips, trik, hingga serba-serbi unik seputar ...",548,64,0,https://www.youtube.com/watch?v=xhtkwugpL5k,satgas PPKS kampus
O_g8CCNnyUw,"🔴 Trijaya Live | CHAT PELECEHAN MAHASISWA UI, ALARM PENDIDIKAN TINGGI INDONESIA | Hot Topik Pagi",Trijaya FM,2026-04-15 16:04:17,Universitas Indonesia (UI) melakukan investigasi kasus dugaan pelecehan seksual secara verbal yang melibatkan belasan ...,545,4,0,https://www.youtube.com/watch?v=O_g8CCNnyUw,sexual harassment kampus indonesia
ZxgwDip7e7o,Penyebab Kekerasan Seksual Marak Terjadi di Kampus,medcom id,2021-11-27 05:07:30,Kasus kekerasan seksual yang terjadi di lingkungan perguruan tinggi kian mencuat. Satu demi satu terungkap kasus yang terjadi ...,539,5,2,https://www.youtube.com/watch?v=ZxgwDip7e7o,kekerasan seksual kampus
mJOSkhBy5SM,"🔴LIVE: Diduga Dilecehkan Dosen, Mahasiswi Unima Depresi hingga Ditemukan Meninggal di Kamar Kos",Tribun Gorontalo,2026-01-01 20:42:52,"LIVE: Diduga Dilecehkan Dosen, Mahasiswi Unima Depresi hingga Ditemukan Meninggal di Kamar Kos VP : Rinaldy Remon ...",509,2,1,https://www.youtube.com/watch?v=mJOSkhBy5SM,kekerasan seksual dosen mahasiswa
0k_V_NUkiE8,Pembentukan Satgas PPKS: Langkah UI Wujudkan Kampus Aman dari Kekerasan Seksual,Televisi UI,2022-10-10 11:30:00,"Sebagai langkah mewujudkan kampus aman dari kekerasan seksual, Universitas Indonesia membentuk Satuan Tugas ...",499,21,1,https://www.youtube.com/watch?v=0k_V_NUkiE8,satgas PPKS kampus
05agOCxVljI,UI Nonaktifkan 16 Mahasiswa FH Terduga Pelaku Pelecehan Seksual,Diskursus Net,2026-04-16 09:30:20,Universitas Indonesia mengambil langkah tegas dengan menonaktifkan 16 mahasiswa Fakultas Hukum yang diduga terlibat ...,488,3,2,https://www.youtube.com/watch?v=05agOCxVljI,sexual harassment kampus indonesia
R709b0MEj-g,🗨️ CAKRALOKA &quot;Satgas Pencegahan dan Penanganan Kekerasan Seksual UM&quot; 📅 29 Agustus 2022 - 15.00 WIB,Universitas Negeri Malang Official,2022-08-29 04:05:17,"https://youtu.be/7wG7w32Yqqc Satgas Pencegahan dan Penanganan Kekerasan Seksual UM Narasumber : Desinta Dwi Rapita, ...",472,13,0,https://www.youtube.com/watch?v=R709b0MEj-g,satgas PPKS kampus
SoYG_pTUjoI,"TERIAKAN DO MENGGEMA di Sidang Terbuka Kasus Pelecehan Seksual FH UI, Kampus Siapkan Sanksi Tegas",Tribunnews Depok,2026-04-14 11:17:06,"Download aplikasi berita TribunX di Play Store atau App Store untuk dapatkan pengalaman baru WARTAKOTALIVECOM, Jakarta ...",451,4,0,https://www.youtube.com/watch?v=SoYG_pTUjoI,kasus pelecehan seksual universitas
x1Z7yUsIPy8,"Kunjungan Satgas PPKS Binus University ke Rifka Annisa; stop kekerasan, wujudkan kampus aman!😍✨",Rifka Annisa,2025-04-17 10:42:01,,449,2,0,https://www.youtube.com/watch?v=x1Z7yUsIPy8,satgas PPKS kampus
bQzUZsSln9w,Sosiolog: Permendikbud Payungi Hukum Korban Kekerasan Seksual di Kampus #iNewsSiang 22/11,Official iNews,2021-11-22 08:51:37,Tanggal Tayang: 22/11/2021 Dapatkan sajian berita-berita liputan langsung dari lapangan dan peristiwa terkini secara cepat dan ...,428,6,0,https://www.youtube.com/watch?v=bQzUZsSln9w,sexual harassment kampus indonesia
MmZ8bTj3Kkw,"🔴NYARIS RICUH DI FH UI, 16 MAHASISWA Anggota Grup Chat di Fakultas Hukum Dipamerkan",TribunMadura Official,2026-04-14 11:12:26,Download aplikasi berita TribunX di Play Store atau App Store untuk dapatkan pengalaman baru TRIBUN-VIDEO.,424,0,0,https://www.youtube.com/watch?v=MmZ8bTj3Kkw,kasus pelecehan seksual universitas
rz2uBJd3EQg,Jadi Korban kekerasan Seksual? Adukan! | REDAKSI PAGI (11/12/21),REDAKSI TRANS7 OFFICIAL,2021-12-12 06:00:29,,410,7,0,https://www.youtube.com/watch?v=rz2uBJd3EQg,korban kekerasan seksual kampus
_4jNvEbUn_E,Darurat Pelecehan S*ksual: Mengapa Kampus Jadi “Sarang Predator”?,Podcast Senin Sore,2026-04-20 09:00:06,"Sobat Sore, Mengapa institusi pendidikan yang seharusnya menjadi tempat paling aman, justru menempati urutan pertama kasus ...",403,7,0,https://www.youtube.com/watch?v=_4jNvEbUn_E,korban kekerasan seksual kampus
NxbOJzc1DYk,Dosen Unesa Diduga Lakukan Pelecehan ke Mahasiswa,KOMPASTV JAWA TIMUR,2022-01-11 05:26:17,"Surabaya, KompasTV Jawa Timur - Humas Universitas Negeri Surabaya Vinda Maya menyebut bahwa hingga saat ini jumlah ...",402,2,2,https://www.youtube.com/watch?v=NxbOJzc1DYk,kekerasan seksual dosen mahasiswa
wHKNeoclpSY,"Tak Hanya Mahasiswi, 16 Mahasiswa UI Juga Targetkan Dosen Jadi Bahan Pelecehan",TRIBUN LAMPUNG NEWS VIDEO,2026-04-14 15:50:11,"Tak Hanya Mahasiswi, 16 Mahasiswa UI Juga Targetkan Dosen Jadi Bahan Pelecehan Tak hanya menyasar mahasiswi, ke-16 ...",399,7,3,https://www.youtube.com/watch?v=wHKNeoclpSY,kekerasan seksual dosen mahasiswa
AnhKWoyecfU,Dosen Pelaku Pelecehan Seksual Mahasiswi Bergelar Doktor dan Sudah Menikah 2 Kali,Tribun Padang Official,2022-12-24 07:44:51,TRIBUN-VIDEO.COM - Oknum dosen Fakultas Ilmu Budaya (FIB) Universitas Andalas (Unand) pelaku pelecehan seksual ...,375,3,0,https://www.youtube.com/watch?v=AnhKWoyecfU,kekerasan seksual dosen mahasiswa
IqiITXUP3lc,Seri Edukasi Permen PPKS: Pencegahan Kekerasan Seksual di Lingkungan Kampus,Cerdas Berkarakter Kemendikdasmen RI,2021-10-28 11:47:59,Permendikbudristek Nomor 30 Tahun 2021 tentang Pencegahan dan Penanganan Kekerasan Seksual di Lingkungan Perguruan ...,365,6,0,https://www.youtube.com/watch?v=IqiITXUP3lc,PPKS perguruan tinggi
cFHjnlaVMYk,Urgensi Pencegahan dan Penanganan Kekerasan Seksual di Perguruan Tinggi,FH Undip Official,2022-04-11 09:33:08,,357,15,0,https://www.youtube.com/watch?v=cFHjnlaVMYk,PPKS perguruan tinggi
MdBuT618Q3c,Ramai Kasus Pelecehan Seksual di Kampus | Fokus,Fokus Indosiar,2026-04-17 00:00:25,"Kasus dugaan pelecehan seksual oleh belasan mahasiswa Universitas Indonesia terus disorot, dan Polda Metro Jaya ...",346,5,0,https://www.youtube.com/watch?v=MdBuT618Q3c,korban kekerasan seksual kampus
9sMOr4hgQCY,Klarifikasi Tangkapan Layar Grup Chat terkait  Kasus Dugaan Pelecehan Seksual di UI,KOMPASTV GORONTALO,2026-04-15 05:42:21,"JAKARTA, KOMPAS.TV - Selasa (14/4/2026) dini hari, auditorium Universitas Indonesia dipenuhi mahasiswa yang ingin meminta ...",340,2,1,https://www.youtube.com/watch?v=9sMOr4hgQCY,sexual harassment kampus indonesia
ARFwZwh8EVo,Chronology of Universitas Indonesia’s Law Faculty (FHUI) Students Sexual Harassment Case #news #FHUI,laudya s,2026-04-16 12:40:22,fullnya tonton di video terkait.,337,23,5,https://www.youtube.com/watch?v=ARFwZwh8EVo,sexual harassment kampus indonesia
wrS2ot5IXok,"Tegas! IPB Skors 16 Mahasiswa Pelaku Pelecehan Seksual, Rektor: Tidak Ada Toleransi bagi Pelaku!",GARUDA TV,2026-04-21 05:51:56,GarudaTV - Kampus bukan tempat bagi pelaku kekerasan seksual! ⚖️ Institut Pertanian Bogor (IPB) mengambil langkah ...,315,2,0,https://www.youtube.com/watch?v=wrS2ot5IXok,pelecehan seksual mahasiswa
6v6ZcoOFne8,Elva Qolbina : 8 Bulan Satgas PPKS UI Kerja Tanpa Anggaran dan Ruangan,Partai Solidaritas Indonesia,2023-08-01 09:40:42,"Kekerasan Seksual nggak bisa dipandang sebelah mata. Dalam hal ini, Kami percaya bahwa Satgas PPKS UI adalah garda ...",295,11,3,https://www.youtube.com/watch?v=6v6ZcoOFne8,PPKS perguruan tinggi
fMuBgwLkSTo,Kuliah Umum &quot;Menuju Kampus Bebas Kekerasan Seksual&quot;,Sastra Inggris USD Official,2022-02-07 17:42:03,,294,19,0,https://www.youtube.com/watch?v=fMuBgwLkSTo,korban kekerasan seksual kampus
tfcmknfKKRA,Sosialisasi SATGAS PPKS di Kampus AKN Pacitan,Akademi Komunitas Negeri Pacitan,2023-03-24 05:16:02,,290,10,0,https://www.youtube.com/watch?v=tfcmknfKKRA,PPKS perguruan tinggi
vv0RDIcxT_Y,"[ESTE-VOICE] TERINDIKASI CACAT PROSEDUR, BAGAIMANA TANGGAPAN MAHASISWA MENGENAI SATGAS PPKS UNM?",Estetika Pers,2023-04-01 00:28:28,Salam Pers Mahasiswa! ✊ Hai hai Sahabat Estetika     UNM telah mengambil langkah yang tepat dengan membentuk Satgas ...,288,41,0,https://www.youtube.com/watch?v=vv0RDIcxT_Y,satgas PPKS kampus
EBLHrmJVFSo,Komisi X DPR RI - Sorot Maraknya Kekerasan Seksual di Kampus - TVR 120,TVR PARLEMEN,2026-04-21 09:36:02,Kasus kekerasan seksual di perguruan tinggi kian mengkhawatirkan. DPR RI mendesak penanganan tegas agar kampus ...,284,0,0,https://www.youtube.com/watch?v=EBLHrmJVFSo,kekerasan seksual kampus
2cSKPjDok5g,PODCAST NGGIH EPS 4 - PERAN SATGAS PPKS: SEBAGAI PELINDUNG KASUS KEKERASAN SEKSUAL DI KAMPUS,UKI TV,2024-05-26 05:18:44,Halo Sobat Singgih!! Video part 2 kali ini masih membahas tentang Urgensi Pencegahan dan Penanganan Kekerasan Seksual di ...,272,12,0,https://www.youtube.com/watch?v=2cSKPjDok5g,PPKS perguruan tinggi
RYUlG1eI5-E,"6 Fakta Kasus Pelecehan Seksual 16 Mahasiswa FH UI yang Jadi Sorotan Publik, Bermula dari Grup Chat",Tribun Mataraman,2026-04-14 09:36:02,Download aplikasi berita TribunX di Play Store atau App Store untuk dapatkan pengalaman baru Host : Septyana Eka VP : Reza ...,272,2,0,https://www.youtube.com/watch?v=RYUlG1eI5-E,pelecehan seksual mahasiswa
v9flTPl-mW4,Kasus Dugaan Pelecehan di Kampus Harus Ditindak Tegas,RRI JAKARTA,2026-04-14 04:06:37,"Dugaan kasus pelecehan seksual di lingkungan kampus kembali menjadi sorotan publik. Dian Kartika Sari menegaskan, jika ...",270,2,0,https://www.youtube.com/watch?v=v9flTPl-mW4,sexual harassment kampus indonesia
Gf7bctEFmVU,Sosialisasi Pencegahan dan Penanganan Kekerasan Seksual (PPKS),Fakultas MIPA UNS,2023-01-11 03:28:26,,266,6,0,https://www.youtube.com/watch?v=Gf7bctEFmVU,PPKS perguruan tinggi
406eEG0r7eI,"Cegah Kekerasan Seksual, Zero Tolerance! | Satgas PPKS Unika Atma Jaya",Universitas Katolik Indonesia Atma Jaya,2023-10-12 03:55:21,,263,5,0,https://www.youtube.com/watch?v=406eEG0r7eI,satgas PPKS kampus
LH3USn2T-gs,Satgas PPKS Sosialisasikan Pemberantasan Kekerasan Seksual di Kampus | UNAIR Update,UNAIRTV,2023-10-05 06:00:07,Satuan Tugas (Satgas) Pencegahan dan Penanganan Kekerasan Seksual (PPKS) UNAIR baru saja menggelar sosialisasi pada ...,258,6,0,https://www.youtube.com/watch?v=LH3USn2T-gs,PPKS perguruan tinggi
T3hnAngdW8s,Kasus Pelecehan Seksual Unesa,Transmedia Jawa Timur,2022-01-12 20:19:52,"Humas Universitas Negeri Surabaya, Menyatakan Pihaknya Akan Mengawal Kasus Dugaan Pelecehan Seksual Yang Menimpa ...",246,2,0,https://www.youtube.com/watch?v=T3hnAngdW8s,kasus pelecehan seksual universitas
IGA9QkWr2vg,"6 Fakta Kasus Pelecehan Seksual 16 Mahasiswa FH UI yang Jadi Sorotan Publik, Bermula dari Grup Chat",TribunMadura Official,2026-04-14 09:35:43,Download aplikasi berita TribunX di Play Store atau App Store untuk dapatkan pengalaman baru Host : Septyana Eka VP : Reza ...,237,2,0,https://www.youtube.com/watch?v=IGA9QkWr2vg,pelecehan seksual mahasiswa
hATkCH1y2zk,5 Mahasiswa Jadi Korban Pelecehan Pegawai Kampus,KOMPASTV JAWA TENGAH,2023-02-17 05:40:43,"SEMARANG, KOMPAS.TV - Pihak Universitas Ikip Veteran (Unisvet) Kota Semarang, Jawa Tengah, membenarkan bahwa ...",204,2,0,https://www.youtube.com/watch?v=hATkCH1y2zk,korban kekerasan seksual kampus
Tzx34SvycB4,Eps. 25 - SATGAS PPKS PENS : Ruang Aman Korban Kekerasan Seksual Kampus?!,Siniar PENS,2025-02-12 11:30:21,"Halohai SiniAre! Udah tau belom nih kalau di PENS ada satgas PPKS, dimana kalian bisa curhat tentang masalah yang ada ...",200,4,0,https://www.youtube.com/watch?v=Tzx34SvycB4,satgas PPKS kampus
oAy9yaxwFwE,Profil Satgas PPKS (Penanganan dan Pencegahan Kekerasan Seksual) Universitas Semarang,HUMAS USM,2023-10-27 08:26:59,,197,4,0,https://www.youtube.com/watch?v=oAy9yaxwFwE,satgas PPKS kampus
50KB3bTU89I,KAMPUS ZONA AMAN? | A-CDM Podcast Ep. 1  x BEM Faperta UNEJ ft. Satgas PPKS,Agribusiness Creative Digital Media,2024-11-22 11:10:35,[FAPERTA ON AIR] Hidup Mahasiswa! Hidup Pertanian Indonesia! Hallo Waperta! Kali ini BEM FAPERTA mengadakan Podcast ...,193,19,2,https://www.youtube.com/watch?v=50KB3bTU89I,satgas PPKS kampus
hA6xNPpIeUA,Speak Up! Let’s Stop Sexual Violence on Campus,atamerica,2022-10-26 09:07:36,Cases of sexual assault on university campuses have increased globally and across Indonesia. What steps has Indonesia taken ...,192,0,0,https://www.youtube.com/watch?v=hA6xNPpIeUA,sexual harassment kampus indonesia
xkfvmdoyW1I,Konsinyasi Pimpinan PTS dan Satgas PPKS Menuju Kampus Zero Dari Kekerasan Seksual,Mercu TV Official,2024-07-17 05:29:05,Auditorium Gd. Tower Lt.7 Universitas Mercu Buana #mercubuana #mercutv #lldikti3 #fikomumb #febumb #fdskumb ...,191,11,0,https://www.youtube.com/watch?v=xkfvmdoyW1I,satgas PPKS kampus
kQ81_xJgRac,Rapat Pembentukan Satgas PPKD USTJ 2024,Satgas PPKPT USTJ Papua,2024-10-27 05:03:47,Rapat yang dilakukan untuk membentuk Satgas Pencegahan dan Penanganan Kekerasan Seksual di Lingkungan Kampus USTJ ...,188,48,0,https://www.youtube.com/watch?v=kQ81_xJgRac,satgas PPKS kampus
RpBaJqkUM9s,"🔴16 Mahasiswa FH UI Diduga Lakukan Pelecehan Seksual, Aliansi BEM UI Desak Kampus Segera Bertindak",Tribun Banten,2026-04-15 15:38:27,Video Production : Sirajuddin Abbas #tribunbanten.,172,2,0,https://www.youtube.com/watch?v=RpBaJqkUM9s,pelecehan seksual mahasiswa
y30WbtOcj1Y,SEBERAPA PENTINGNYA SATGAS PPKS DI KAMPUS ??,AYU EFRITADEWI,2023-04-25 15:14:17,"Mari kita dengarkan penjelasan ketua satgas ppks umrah cand. Dr. Nikodemus Niko, S.Sos., M.Sos.",171,11,0,https://www.youtube.com/watch?v=y30WbtOcj1Y,satgas PPKS kampus
MFJmyOd-wmE,Dosen Pelaku Pelecehan Seksual Terhadap Mahasiswi Ditetapkan Tersangka,BeritaSatu,2023-05-09 05:35:43,Satreskrim Polres Buleleng Bali menetapkan seorang dosen salah satu perguruan tinggi sebagai tersangka dugaan pelecehan ...,170,2,1,https://www.youtube.com/watch?v=MFJmyOd-wmE,kekerasan seksual dosen mahasiswa
-2k94e3qhf8,Rektor Universitas Pancasila Dinonaktifkan Buntut Kasus Pelecehan Seksual | Ragam Perkara Siang,Investigasi tvOne,2024-02-28 04:18:42,"Ragam Perkara Siang, https://www.tvOnenews.com - Rektor Universitas Pancasila Dinonaktifkan Buntut Kasus Pelecehan ...",169,1,2,https://www.youtube.com/watch?v=-2k94e3qhf8,kasus pelecehan seksual universitas
rFOeABCUVtg,SOSIALISASI SATGAS PPKS DI LINGKUNGAN FK UNRI,fkunri official,2023-09-13 05:36:10,SOSIALISASI SATGAS PPKS DI LINGKUNGAN FK UNRI - 12 SEPTEMBER 2023.,169,1,0,https://www.youtube.com/watch?v=rFOeABCUVtg,satgas PPKS kampus
wldIRDMPDrY,Urgensi Pengadaan Lembaga Perlindungan Korban Kekerasan Seksual di Perguruan Tinggi,Perempuan Berkisah,2021-09-04 20:43:06,"Komunitas Perempuan Berkisah Region Jawa Timur Proudly present : Dialog Interaktif dengan tema ""Urgensi Pengadaan ...",155,11,0,https://www.youtube.com/watch?v=wldIRDMPDrY,korban kekerasan seksual kampus
hBRHq75P4J4,Ini 6 Poin Tuntutan Mahasiswa Unpatti Menyoal Kasus Kekerasan Seksual Oknum Dosen,TribunAmbon News,2024-04-24 09:19:38,"OA,Laporan Wartawan TribunAmbon.com, Maula Pellu AMBON, TRIBUNAMBON.COM - Mahasiswa Unpatti kembali menyoroti ...",154,2,0,https://www.youtube.com/watch?v=hBRHq75P4J4,kekerasan seksual dosen mahasiswa
VItyCbob8EI,Kekerasan Seksual di Kampus,Sosiologi Channel,2022-01-05 06:47:43,kekerasanseksual #pelecehanseksual.,151,7,0,https://www.youtube.com/watch?v=VItyCbob8EI,korban kekerasan seksual kampus
-4HjlTXh62E,"June 7, 2024 Seleksi Wawancara Satgas PPKS IPNG",Nusantara Global,2024-06-07 06:35:28,ipng #satgas #ppks #kampusmerdeka #pansel.,148,6,0,https://www.youtube.com/watch?v=-4HjlTXh62E,satgas PPKS kampus
e8_sV9Qcg5M,Pendapat Feni Rose Terkait Pelecehan Seksual di Antara Mahasiswa,Insertlive,2026-04-23 10:00:00,Feni Rose sangat khawatir dengan pelecehan seksual yang terjadi di lingkungan belajar. Terlebih di kalangan mahasiswa yang ...,146,4,0,https://www.youtube.com/watch?v=e8_sV9Qcg5M,pelecehan seksual mahasiswa
VdI7ljxkz3o,Kekerasan Seksual Yang Terjadi Di Lingkungan Kampus (PODCAST SERI 1),CLC FH UNUD,2021-11-21 00:46:13,Kekerasan Seksual Yang Terjadi Di Lingkungan Kampus (PODCAST SERI 1),146,8,0,https://www.youtube.com/watch?v=VdI7ljxkz3o,korban kekerasan seksual kampus
vlDsT19wl80,Sosialisasi PPKS Bersama Mahasiswa Baru - SATGAS PPKS UNIVERSITAS PEKALONGAN,universitas pekalongan,2023-12-10 01:45:54,Sosialisasi PPKS Bersama Mahasiswa Baru Mencegah Kekerasan Seksual Menuju Kampus Unikal Sehat dan Aman - SATGAS ...,138,0,0,https://www.youtube.com/watch?v=vlDsT19wl80,satgas PPKS kampus
bthgoSkUSTc,Video Profile Satgas PPKS UKI,OFFICIAL UKI JAKARTA,2025-02-11 07:37:50,"Hallo sobat UKI. We are here! Satgas PPKS UKI telah hadir. Kekerasan seksual dapat terjadi di mana pun, termasuk kampus.",133,4,0,https://www.youtube.com/watch?v=bthgoSkUSTc,satgas PPKS kampus
DBdW6wEmd7g,Guru Besar Unpad Dinonaktifkan Dugaan Pelecehan Seksual #shorts,KOMPASTV JAWA BARAT,2026-04-22 08:49:23,"gurubesar #unpad #pelecehanseksual BANDUNG, KOMPAS.TV - Viral seorang guru besar Fakultas Keperawatan di Universitas ...",127,1,0,https://www.youtube.com/watch?v=DBdW6wEmd7g,sexual harassment kampus indonesia
Px00m7FW1xI,Uji Publik Panitia Seleksi Satgas Pencegahan dan Penanganan Kekerasan Seksual (PPKS),Universitas Kahuripan Kediri,2024-04-04 09:05:31,Uji Publik Panitia Seleksi Satgas Pencegahan dan Penanganan Kekerasan Seksual (PPKS) Universitas Kahuripan Kediri.,118,4,1,https://www.youtube.com/watch?v=Px00m7FW1xI,PPKS perguruan tinggi
bqp4lwI3JPc,"Aman atau Tidak? Darurat Kekerasan Seksual di Kampus, Sejumlah Perguruan Tinggi Disorot | NTV",Nusantara TV,2026-04-22 14:40:00,"https://nusantaratv.com/ - Aman atau Tidak? Darurat Kekerasan Seksual di Kampus, Sejumlah Perguruan Tinggi Disorot | NTV ...",115,0,0,https://www.youtube.com/watch?v=bqp4lwI3JPc,kekerasan seksual kampus
AsrDuCfmRJk,Sosialisasi dan Edukasi Pedoman Pencegahan dan Penanggulangan Kekerasan Seksual (PPKS),FISH UNJ Official,2022-11-16 04:54:39,Sosialisasi dan Edukasi Pedoman Pencegahan dan Penanggulangan Kekerasan Seksual (PPKS) di Universitas Negeri Jakarta.,102,2,1,https://www.youtube.com/watch?v=AsrDuCfmRJk,PPKS perguruan tinggi
9KxF_ZIDZuc,Eps. 25 - SATGAS PPKS PENS : Ruang Aman Korban Kekerasan Seksual Kampus?!,Siniar PENS,2025-02-19 09:20:50,"Halohai SiniAre! Udah tau belom nih kalau di PENS ada satgas PPKS, dimana kalian bisa curhat tentang masalah yang ada ...",96,5,0,https://www.youtube.com/watch?v=9KxF_ZIDZuc,satgas PPKS kampus
CrexXZxMaS4,[Ep.54] Pencegahan dan Penanganan Kekerasan Seksual di Kampus Ft Dr.Binahayati Rusyidi,Amalia Sustikarini,2021-04-02 23:54:46,Kejadian kekerasan seksual di kampus-kampus di Indonesia menjadi hal yang sangat memprihatinkan karena terjadi di institusi ...,93,7,0,https://www.youtube.com/watch?v=CrexXZxMaS4,korban kekerasan seksual kampus
pDuLjM5DRYc,Membongkar Sisi Gelap Kampus Ternama: Mengapa Pelecehan Seksual Terus Berulang? | Inside Story,Sindo Podcast,2026-04-21 00:00:54,Selengkapnya baca di: https://nasional.sindonews.com/ https://www.youtube.com/@OfficialSINDOnews ...,92,0,0,https://www.youtube.com/watch?v=pDuLjM5DRYc,sexual harassment kampus indonesia
Btlz7I--TFs,"Mendikbud Nadiem Makarim Tegaskan Penerapan PPKS di Perguruan Tinggi, Jika Tidak akan ada Sanksi",Tribun Solo Official,2021-11-12 16:08:11,"TRIBUN-VIDEO.COM - Menteri Pendidikan, Kebudayaan, Riset, dan Teknologi (Mendikbud Ristek) Nadiem Makarim ...",90,3,0,https://www.youtube.com/watch?v=Btlz7I--TFs,PPKS perguruan tinggi
9ivzyNR5M1M,16 Mahasiswa FH UI Disidang Ramai ramai Terkait Pelecehan Seksual,Tribun Banyumas,2026-04-14 08:59:17,Sebanyak 16 mahasiswa Fakultas Hukum Universitas Indonesia menjalani sidang terbuka. Mereka diduga melakukan pelecehan ...,82,0,0,https://www.youtube.com/watch?v=9ivzyNR5M1M,sexual harassment kampus indonesia
FbUqnGKkIOU,Apa sih Satgas PPKS itu? Gimana peran mereka di lingkungan kampus? - Podcastma#3,BEM FT UNS,2023-12-16 07:28:56,"Haloo selamat datang di Podcastma BEM FT UNS, From Inferior to Superior! Di episode yang ketiga alias terakhir bangett nih.",80,9,0,https://www.youtube.com/watch?v=FbUqnGKkIOU,satgas PPKS kampus
1V9DLUts3rg,Satgas Pencegahan dan Penanganan Kekerasan Seksual (PPKS)? Kampusmu sudah punya belum?,BALI SRUTI,2023-09-19 16:14:52,Satuan Tugas Pencegahan dan Penanganan Kekerasan Seksual (Satgas PPKS) adalah satuan tugas yang memiliki fungsi untuk ...,76,1,0,https://www.youtube.com/watch?v=1V9DLUts3rg,PPKS perguruan tinggi
XChtpsfAHYg,Lawan Pelecehan Seksual di Kampus ( bagian1),KOMPASTV PALEMBANG,2021-12-09 11:32:17,"Sahabat Kompas TV Palembang, jangan lupa like, comment, dan subscribe channel YouTube Kompas TV Palembang, juga ...",75,2,0,https://www.youtube.com/watch?v=XChtpsfAHYg,korban kekerasan seksual kampus
y_F56glxQ5w,Wujudkan Kampus Bebas Kekerasan Seksual dalam Sorotan Permendikbudristek -  Video Satgas PPKS UNHAS,Satgas PPK UNHAS Official,2024-02-07 02:40:59,,75,3,0,https://www.youtube.com/watch?v=y_F56glxQ5w,satgas PPKS kampus
jv8-renT8cw,"Pelecehan Seksual Non-Verbal di Lingkungan Kampus, Psikolog : Fenomena Gunung ES",KOMPASTV BANJARMASIN,2021-10-29 12:47:20,,75,0,0,https://www.youtube.com/watch?v=jv8-renT8cw,korban kekerasan seksual kampus
Rmkgc_m3aQE,Sosialisasi Satgas PPKS Universitas Bale Bandung,fisipunibba official,2024-04-24 08:12:14,"Dalam video ini, Universitas Bale Bandung mempersembahkan upaya mereka dalam mencegah dan menangani kekerasan ...",73,0,0,https://www.youtube.com/watch?v=Rmkgc_m3aQE,satgas PPKS kampus
PPDANQMeR20,#DIKSI Eps. 39 : PPKS Garda Terdepan Berantas Kekerasan Seksual di Kampus,Laboratorium Hukum FH UMM,2024-10-18 04:35:04,"DIKSI Eps. 39 : PPKS: GARDA TERDEPAN BERANTAS KEKERASAN SEKSUAL DI KAMPUS Di episode kali ini, kami ...",70,4,0,https://www.youtube.com/watch?v=PPDANQMeR20,satgas PPKS kampus
vHvzZ-UJRyc,"KastratCast Ep.1: Edukasi, Perlindungan &amp; Aksi Kampus | Satgas PPKS UNP",BEM FPK KM UNP,2026-04-09 16:33:51,,68,29,6,https://www.youtube.com/watch?v=vHvzZ-UJRyc,satgas PPKS kampus
9M2BcspYKWo,"(15/02/2023) Webinar PPKS  &quot;Kekerasan Seksual di Kampus: Kenali, Cegah, dan Laporkan!&quot;",Satgas PPKS Universitas Mulawarman,2023-08-25 10:43:32,"Pada tanggal 15 Februari 2023, Satgas PPKS Unversitas Mulawarman telah mengadakan Webinar dan Sosialisasi PPKS ...",68,2,0,https://www.youtube.com/watch?v=9M2BcspYKWo,PPKS perguruan tinggi
7PiEmZRoIQg,Satgas PPKS Universitas Udayana Gelar Peningkatan Kapasitas Pemahaman PPKS Bagi Para Pimpinan,Udayana TV,2024-08-07 02:54:55,Satgas Pencegahan dan Penanganan Kekerasan Seksual PPKS Universitas Udayana menyelenggarakan kegiatan peningkatan ...,63,1,0,https://www.youtube.com/watch?v=7PiEmZRoIQg,PPKS perguruan tinggi
X6Zo8UXxHCY,SATGAS PPKS DI UNIVERSITAS UDAYANA,BALI SRUTI,2025-01-26 08:58:25,"Teman-teman Bali Sruti, tahukah kalian bahwa di setiap kampus ada Satgas PPKS (Satuan Tugas Pencegahan dan Penanganan ...",59,0,0,https://www.youtube.com/watch?v=X6Zo8UXxHCY,satgas PPKS kampus
pgmncdRflcE,Seri Webinar Nasional: Bersama Menciptakan Kampus yang Aman dari Kekerasan Seksual_UINAM,Rumata Artspace,2021-12-10 20:49:42,,57,5,0,https://www.youtube.com/watch?v=pgmncdRflcE,sexual harassment kampus indonesia
WR1YH-LCRk4,16 Mahasiswa FH UI Terjerat Kasus Pelecehan Seksual,Kompascom Nusantara,2026-04-15 05:00:35,Sebanyak 16 orang mahasiswa Universitas Indonesia (UI) diduga melakukan pelecehan terhadap mahasiswi di fakultas tersebut.,56,0,0,https://www.youtube.com/watch?v=WR1YH-LCRk4,sexual harassment kampus indonesia
QL6Ew4Typwg,Video Sosialisasi Pencegahan Dan Penanganan Kekerasan Seksual (PPKS) di Perguruan Tinggi,Universitas Nurdin Hamzah,2025-01-10 12:49:25,,53,0,3,https://www.youtube.com/watch?v=QL6Ew4Typwg,PPKS perguruan tinggi
TBxoFcfOUuM,"Mahasiswi ULM Curhat, Mengaku Alami Dugaan Pelecehan Oleh Oknum Dosen",KOMPASTV BANJARMASIN,2023-02-03 22:08:08,,49,0,0,https://www.youtube.com/watch?v=TBxoFcfOUuM,kekerasan seksual dosen mahasiswa
g9OPY1Lpboo,[SATGAS PPKS STIE PPI] Apa Ya Yang Harus Kita Lakukan Apabila Mengalami Kekerasan Seksual?,INSTITUT PPI,2024-06-25 03:40:10,SATGAS PPKS merupakan Satuan Tugas Pencegahan dan Penanganan Kekerasan Seksual atau yang disebut dengan Satgas ...,48,3,0,https://www.youtube.com/watch?v=g9OPY1Lpboo,PPKS perguruan tinggi
JcK4F52L59g,PODCAST INSPIRATIF: Peran Satgas PPKS Dalam Mencegah Dan Menangani Kekerasan Seksual Di Kampus,FISIP PERADABAN OFFICIAL,2025-02-01 05:54:12,"Kekerasan seksual di perguruan tinggi adalah isu yang tidak boleh diabaikan. Dalam episode kali ini, kami berbincang dengan ...",48,4,0,https://www.youtube.com/watch?v=JcK4F52L59g,PPKS perguruan tinggi
HfTbMfK0aRg,"Cegah Kekerasan Seksual di Lingkungan Kampus, Unej Mulai Siapkan Anggota Satgas PPKS",Tribun Jatim Timur,2022-11-29 11:54:53,,48,0,0,https://www.youtube.com/watch?v=HfTbMfK0aRg,satgas PPKS kampus
E0wtgjk_cwA,Uji Publik Calon Satgas Pencegahan dan Penangananan Kekerasan Seksual di Perguruan Tinggi PPKS STIKE,STIKESMAS ABDI NUSA PALEMBANG,2024-08-26 06:25:14,,46,0,0,https://www.youtube.com/watch?v=E0wtgjk_cwA,PPKS perguruan tinggi
YT7kYqVahxo,Satgas Pencegahan dan Penanganan Kekerasan Seksua (PPKS) Itera,Itera TV,2025-03-17 06:23:01,Kenali Satgas PPKS ITERA! Satgas Pencegahan dan Penanganan Kekerasan Seksual (PPKS) ITERA hadir untuk menciptakan ...,42,2,0,https://www.youtube.com/watch?v=YT7kYqVahxo,PPKS perguruan tinggi
3jecec2YBw4,SATGAS PPKS UB DETEKSI GUNUNG ES TINDAK PERUNDUNGAN DAN KEKERASAN SEKSUAL - NEWS POINT,UBTV BRAWIJAYA,2024-07-26 09:00:07,UNIVERSITAS BRAWIJAYA TELEVISI (UBTV) 43 UHF Channel Malang Raya Televisi Komunitas Perguruan Tinggi Indonesia ...,42,0,0,https://www.youtube.com/watch?v=3jecec2YBw4,PPKS perguruan tinggi
m6o9sZvOcig,Lawan Pelecehan Seksual di Kampus (bagian 2),KOMPASTV PALEMBANG,2021-12-09 11:48:38,"Sahabat Kompas TV Palembang, jangan lupa like, comment, dan subscribe channel YouTube Kompas TV Palembang, juga ...",41,0,0,https://www.youtube.com/watch?v=m6o9sZvOcig,kekerasan seksual kampus
Q03jtYUxMrs,Sosialisasi Satgas PPKS 20 Maret 2024,SATGAS PPKS UNIVERSITAS GALUH,2024-04-05 03:09:38,Sosialisasi Satgas PPKS Universitas Galuh 20 Maret 2024.,40,1,0,https://www.youtube.com/watch?v=Q03jtYUxMrs,PPKS perguruan tinggi
2PwhYXpJWEg,Satgas PPKS UKI Toraja Gencar Sosialisasikan Pencegahan Kekerasan Seksual di Lingkungan Kampus,TRIBUN TORAJA OFFICIAL,2024-08-24 08:25:00,"tribuntoraja #beritatoraja TRIBUNTORAJA.COM - Universitas Kristen Indonesia (UKI) Toraja, Sulawesi Selatan, berkomitmen ...",39,1,0,https://www.youtube.com/watch?v=2PwhYXpJWEg,satgas PPKS kampus
6bhDj8obZ8k,Rektor IPB Buka Suara Soal 16 Mahasiswa Lakukan Kekerasan Seksual: Mereka Diskorsing Satu Semester,Pikiran Rakyat,2026-04-24 13:26:13,Sebanyak 16 mahasiswa Institut Pertanian Bogor (IPB University) resmi menjalani sanksi skorsing selama satu semester setelah ...,38,1,0,https://www.youtube.com/watch?v=6bhDj8obZ8k,pelecehan seksual mahasiswa
JG-OO_SEtLc,Untag Surabaya Bentuk Satgas PPKS Untuk Jauhkan Kekerasan Seksual Terhadap Warga Kampus,LenteraTV Media,2022-06-21 06:39:23,,37,0,0,https://www.youtube.com/watch?v=JG-OO_SEtLc,satgas PPKS kampus
t2OK_rGsOkk,PPKS: Webinar Pencegahan dan Penanganan Kekerasan Seksual (PPKS) di Lingkungan Universitas OSO,Universitas OSO,2022-06-13 08:06:24,Universitas OSO melakukan sosialisasi daring tentang pencegahan dan penanganan kekerasan seksual di lingkungan kampus ...,37,1,0,https://www.youtube.com/watch?v=t2OK_rGsOkk,PPKS perguruan tinggi
EltsWAC2zvo,Ketua Satgas PPKS Unmul Sebut Kasus Kekerasan Seksual tertinggi terjadi pada Perguruan Tinggi,Insitekaltim,2024-03-12 06:23:15,Ketua Satgas PPKS Unmul Sebut Kasus Kekerasan Seksual tertinggi terjadi pada Perguruan Tinggi berdasarkan Hasil Penelitian ...,32,1,0,https://www.youtube.com/watch?v=EltsWAC2zvo,PPKS perguruan tinggi
To0MBcnANXc,GERPUAN UNJ: Kawal Implementrasi Permendikbudristek: Dorong Pembentukan Satgas PPKS di Kampus!,Gerpuan UNJ,2021-12-05 12:03:06,Terbitnya Permendikbudristek Nomor 30 Tahun 2021 mengenai PPKS memantik berbagai kasus kekerasan seksual terungkap ...,32,7,0,https://www.youtube.com/watch?v=To0MBcnANXc,satgas PPKS kampus
_eCl6AuEoXM,Profil Satgas PPKS UNRI serta Dukungan penuh dari Rektor serta Pimpinan Universitas Riau,Satgas PPKS Universitas Riau,2024-04-06 08:18:07,dukungan penuh dari Rektor dan Pimpinan Universitas Riau untuk mencegah kekerasan seksual di lingkungan Universitas Riau.,32,1,0,https://www.youtube.com/watch?v=_eCl6AuEoXM,PPKS perguruan tinggi
jn0vQ0We6KE,PENGENALAN SATGAS PPKS KAMPUS PPNP,K-INFO NEWS PPNP,2025-08-23 10:30:42,,30,1,0,https://www.youtube.com/watch?v=jn0vQ0We6KE,satgas PPKS kampus
EV8qAa80W7M,ABKIN Dorong Mahasiswa Cegah Kekerasan dan Pelecehan di Kampus,News PONTV,2025-08-02 11:18:14,Pengurus Daerah Asosiasi Bimbingan dan Konseling Indonesia (ABKIN) Kalimantan Barat menggelar dialog interaktif dengan ...,24,1,0,https://www.youtube.com/watch?v=EV8qAa80W7M,sexual harassment kampus indonesia
6tgeVbnNBos,"Darurat Kekerasan Seksual Di Lingkungan Kampus, Saatnya Bersuara dan Berani Untuk Menangkalnya",Salsabila Putri,2024-05-24 05:40:34,"Kami dari kelompok 3 Mata Kuliah Komunikasi & Advokasi Kebijakan Kelas 2022B Prodi Ilmu Administrasi Negara, dengan ...",23,1,0,https://www.youtube.com/watch?v=6tgeVbnNBos,korban kekerasan seksual kampus
5YbEVwJf_CI,"Antisipasi 3 Dosa Pendidikan, DWP USU Sosialisasi PPKS",USU TV Official,2023-10-18 02:34:29,Dharma Wanita Persatuan (DWP) Universitas Sumatera Utara (USU) gelar sosialisasi Pencegahan dan Penanganan Kekerasan ...,21,0,0,https://www.youtube.com/watch?v=5YbEVwJf_CI,PPKS perguruan tinggi
ZdEeAQ6WlnM,Video Kekerasan Seksual Di Perguruan  Tinggi #ppks,Ketut Sriyanti,2023-09-02 07:14:58,Halo semuanya... Assalamualaikum Wr. Wb.. Shalom..Om swastyastu namo buddhaya salam kebajikan.. Saya Ketut Sriyanti ...,17,0,0,https://www.youtube.com/watch?v=ZdEeAQ6WlnM,PPKS perguruan tinggi
3pNElXRZutk,SATGAS KEKERASAN SEKSUAL DI KAMPUS,BALI SRUTI,2023-10-09 11:53:28,Di Universitas Udayana sudah ada SATGAS kekerasan seksual lho. Bagaimana dikampus kalian? Kekerasan seksual berpotensi ...,17,0,0,https://www.youtube.com/watch?v=3pNElXRZutk,satgas PPKS kampus
9fhtEMmMvtE,Pencegahan dan Penanganan Kekerasan Seksual (PPKS) Dilingkungan Perguruan Tinggi,Mukhammad Syaoqon ,2023-09-01 12:16:14,Mari kita semua berkontribusi untuk menciptakan perubahan positif dan memastikan bahwa setiap mahasiswa merasa aman dan ...,15,0,0,https://www.youtube.com/watch?v=9fhtEMmMvtE,PPKS perguruan tinggi
N_jE5JEhF2A,KAMPUS DIWAJIBKAN MILIKI SATGAS PPKS,PAL TV Official,2024-06-08 12:33:15,"LIPUTANMETROPOLISPALTV #PALEMBANG #NEWS Subscribe, comment dan share videonya serta klik tombol lonceng untuk ...",13,3,0,https://www.youtube.com/watch?v=N_jE5JEhF2A,satgas PPKS kampus
LwgVKASmzQk,"Penanganan, pencegahan, pelecehan seksual kampus unesa",security Indonesia channel,2026-04-16 22:43:20,satpam #satuankeamanan #keamanan #professional #handling #handlingcomplaint #petugaskeamanan #keamananprofesional ...,11,2,0,https://www.youtube.com/watch?v=LwgVKASmzQk,sexual harassment kampus indonesia
06-5TKGGa7M,Pentingnya PPKS Di Lingkungan Perguruan Tinggi,Cinta NKRI,2021-11-18 04:25:22,,11,2,0,https://www.youtube.com/watch?v=06-5TKGGa7M,PPKS perguruan tinggi
xHOAxL3hHxI,Calon Anggota #SATGASppks Pencegahan dan Penanganan Kekerasan Seksual PPKS di Perguruan Tinggi,Johana B Tumbol,2023-11-08 07:29:18,Video singkat Satgas PPKS di Perguruan Tinggi.,7,0,0,https://www.youtube.com/watch?v=xHOAxL3hHxI,PPKS perguruan tinggi
lJtYwN_ykNU,Pencegahan dan Penanganan Kekerasan Seksual (PPKS) di lingkungan Perguruan Tinggi.,Kristian Imanuel,2023-09-03 14:16:44,Pencegahan dan Penanganan Kekerasan Seksual (PPKS) di lingkungan Perguruan Tinggi sebagai bagian dari kampanye PPKS ...,6,0,0,https://www.youtube.com/watch?v=lJtYwN_ykNU,PPKS perguruan tinggi
htOB56ceWuM,Uji Publik Calon Satgas Pencegahan dan Penangananan Kekerasan Seksual di Perguruan Tinggi PPKS STIKE,STIKESMAS ABDI NUSA PALEMBANG,2024-08-26 06:23:34,,5,1,0,https://www.youtube.com/watch?v=htOB56ceWuM,PPKS perguruan tinggi
